1;14;11;1
2;13;11;1
3;123;45;1
4;37;45;1
5;2;39;1
6;104;49;1
7;24;44;1
8;22;44;1
9;118;17;1
10;134;9;1
11;130;17;1
12;125;38;1
13;129;38;1
14;56;9;1
15;94;16;1
;69;16;1
;89;39;1
;74;49;1
;54;31;1
;145;31;1
1;14;11;2
2;134;9;2
3;37;45;2
4;123;45;2
5;13;11;2
6;125;38;2
7;145;31;2
8;104;49;2
9;69;16;2
10;22;44;2
11;2;39;2
12;74;49;2
13;89;39;2
14;94;16;2
15;129;38;2
16;24;44;2
17;118;17;2
18;130;17;2
;56;9;2
;54;31;2
1;129;38;3
2;125;38;3
3;14;11;3
4;13;11;3
5;54;31;3
6;145;31;3
7;37;45;3
8;24;44;3
9;2;39;3
10;94;16;3
11;22;44;3
12;134;9;3
13;56;9;3
14;130;17;3
15;104;49;3
16;89;39;3
17;118;17;3
;74;49;3
;69;16;3
;123;45;3
1;14;11;4
2;129;38;4
3;123;45;4
4;145;31;4
5;13;11;4
6;94;16;4
7;37;45;4
8;2;39;4
9;104;49;4
10;89;39;4
11;125;38;4
12;54;31;4
13;22;44;4
14;69;16;4
15;130;17;4
16;118;17;4
17;24;44;4
18;56;9;4
19;134;9;4
;74;49;4
1;14;11;5
2;13;11;5
3;125;38;5
4;129;38;5
5;2;39;5
6;69;16;5
7;134;9;5
8;104;49;5
9;145;31;5
10;37;45;5
11;56;9;5
12;89;39;5
13;74;49;5
14;130;17;5
;94;16;5
;54;31;5
;123;45;5
;24;44;5
;22;44;5
;118;17;5
1;14;11;6
2;13;11;6
3;94;16;6
4;69;16;6
5;125;38;6
6;104;49;6
7;2;39;6
8;22;44;6
9;130;17;6
10;37;45;6
11;134;9;6
12;145;31;6
13;123;45;6
14;118;17;6
15;74;49;6
;54;31;6
;56;9;6
;129;38;6
;89;39;6
;24;44;6
1;14;11;7
2;125;38;7
3;129;38;7
4;123;45;7
5;104;49;7
6;69;16;7
7;56;9;7
8;37;45;7
9;94;16;7
10;2;39;7
11;134;9;7
12;74;49;7
13;145;31;7
14;54;31;7
15;24;44;7
16;89;39;7
17;118;17;7
18;22;44;7
;13;11;7
;130;17;7
1;129;38;8
2;125;38;8
3;13;11;8
4;69;16;8
5;104;49;8
6;14;11;8
7;123;45;8
8;94;16;8
9;37;45;8
10;130;17;8
11;74;49;8
12;89;39;8
13;56;9;8
14;2;39;8
15;134;9;8
16;145;31;8
17;118;17;8
18;24;44;8
;22;44;8
;54;31;8
1;125;38;9
2;129;38;9
3;69;16;9
4;104;49;9
5;14;11;9
6;13;11;9
7;2;39;9
8;54;31;9
9;37;45;9
10;134;9;9
11;130;17;9
12;74;49;9
13;89;39;9
14;56;9;9
15;118;17;9
16;24;44;9
17;123;45;9
18;145;31;9
;94;16;9
;22;44;9
1;145;31;10
2;94;16;10
3;125;38;10
4;104;49;10
5;54;31;10
6;37;45;10
7;14;11;10
8;123;45;10
9;74;49;10
10;13;11;10
11;134;9;10
12;89;39;10
13;56;9;10
14;130;17;10
15;4;44;10
16;24;44;10
;129;38;10
;2;39;10
;118;17;10
1;13;11;11
2;145;31;11
3;94;16;11
4;54;31;11
5;104;49;11
6;2;39;11
7;14;11;11
8;56;9;11
9;125;38;11
10;118;17;11
11;134;9;11
12;130;17;11
13;123;45;11
14;37;45;11
15;39;39;11
16;4;44;11
17;11;16;11
18;74;49;11
;24;44;11
;129;38;11
1;94;16;12
2;130;17;12
3;129;38;12
4;56;9;12
5;134;9;12
6;54;31;12
7;13;11;12
8;104;49;12
9;125;38;12
10;37;45;12
11;118;17;12
12;24;44;12
13;74;49;12
14;11;16;12
;2;39;12
;123;45;12
;145;31;12
;14;11;12
;4;44;12
;39;39;12
1;13;11;13
2;14;11;13
3;94;16;13
4;118;17;13
5;2;39;13
6;54;31;13
7;134;9;13
8;129;38;13
9;130;16;13
10;74;49;13
11;37;45;13
12;145;31;13
13;24;44;13
14;123;45;13
15;39;39;13
16;104;49;13
;62;17;13
;4;44;13
;56;9;13
;125;38;13
1;145;31;14
2;37;45;14
3;2;39;14
4;129;38;14
5;14;11;14
6;13;11;14
7;54;31;14
8;56;9;14
9;74;49;14
10;94;16;14
11;104;49;14
12;123;45;14
13;130;16;14
14;62;17;14
;4;44;14
;24;44;14
;125;38;14
;118;17;14
;134;9;14
;39;39;14
1;129;38;15
2;123;45;15
3;145;31;15
4;94;16;15
5;104;49;15
6;134;9;15
7;13;11;15
8;14;11;15
9;56;9;15
10;2;39;15
11;54;31;15
12;130;16;15
13;118;17;15
14;62;17;15
15;74;49;15
16;39;39;15
17;125;38;15
;4;44;15
;24;44;15
1;125;38;16
2;56;9;16
3;145;31;16
4;129;38;16
5;14;11;16
6;94;16;16
7;24;44;16
8;13;11;16
9;53;45;16
10;130;16;16
11;62;17;16
12;54;31;16
13;39;39;16
14;4;44;16
;74;49;16
;104;49;16
;134;9;16
;118;17;16
;123;45;16
;2;39;16
1;129;38;17
2;125;38;17
3;14;11;17
4;13;11;17
5;134;9;17
6;53;45;17
7;123;45;17
8;24;44;17
9;104;49;17
10;56;9;17
11;54;31;17
12;94;16;17
13;74;49;17
14;2;39;17
15;62;17;17
16;130;16;17
17;118;17;17
18;39;39;17
;145;31;17
;4;44;17
1;2;16;18
2;69;16;18
3;145;31;18
4;129;38;18
5;104;32;18
6;152;32;18
7;14;31;18
8;125;38;18
9;62;17;18
10;13;49;18
11;56;39;18
12;118;17;18
13;4;44;18
14;146;49;18
15;54;25;18
16;24;44;18
17;123;25;18
;103;40;18
;110;21;18
;37;48;18
;86;39;18
;53;40;18
;38;48;18
;148;21;18
1;14;31;19
2;56;39;19
3;69;16;19
4;2;16;19
5;104;32;19
6;145;31;19
7;62;17;19
8;13;49;19
9;125;38;19
10;152;32;19
11;4;44;19
12;103;40;19
13;54;25;19
14;148;21;19
;37;48;19
;38;48;19
;129;38;19
;118;17;19
;86;39;19
;110;21;19
;24;44;19
;146;49;19
;53;40;19
;123;25;19
1;129;38;20
2;125;38;20
3;104;32;20
4;56;39;20
5;118;17;20
6;145;31;20
7;69;16;20
8;14;31;20
9;4;44;20
10;146;49;20
11;24;44;20
12;13;49;20
13;2;16;20
14;38;48;20
15;148;21;20
16;110;21;20
17;123;25;20
;54;25;20
;86;39;20
;62;17;20
;152;32;20
;53;40;20
;37;48;20
;103;40;20
1;14;31;21
2;145;31;21
3;104;32;21
4;2;16;21
5;56;39;21
6;129;38;21
7;86;39;21
8;125;38;21
9;69;16;21
10;152;32;21
11;118;17;21
12;13;49;21
13;4;44;21
14;54;25;21
15;146;49;21
16;110;21;21
17;148;21;21
;123;25;21
;38;48;21
;103;40;21
;24;44;21
;53;40;21
;62;17;21
;37;48;21
1;125;38;22
2;2;16;22
3;129;38;22
4;152;32;22
5;14;31;22
6;69;16;22
7;118;17;22
8;56;39;22
9;13;49;22
10;4;44;22
11;86;39;22
12;53;40;22
13;104;32;22
14;145;31;22
15;62;17;22
16;146;49;22
17;123;25;22
18;37;48;22
19;38;48;22
;24;44;22
;148;21;22
;103;40;22
;110;21;22
;54;25;22
1;125;38;23
2;129;38;23
3;56;39;23
4;69;16;23
5;145;31;23
6;2;16;23
7;104;32;23
8;118;17;23
9;62;17;23
10;24;44;23
11;4;44;23
12;152;32;23
13;86;39;23
14;148;21;23
15;123;25;23
;54;25;23
;110;21;23
;13;49;23
;53;40;23
;38;48;23
;37;48;23
;103;40;23
;14;31;23
;146;49;23
1;145;31;24
2;14;31;24
3;125;38;24
4;152;32;24
5;104;32;24
6;56;39;24
7;69;16;24
8;2;16;24
9;118;17;24
10;53;40;24
11;103;40;24
12;4;44;24
13;62;17;24
14;13;49;24
15;86;39;24
16;24;44;24
17;146;49;24
18;37;48;24
19;38;48;24
20;148;21;24
;110;21;24
;129;38;24
;54;25;24
;123;25;24
1;145;31;25
2;14;31;25
3;2;16;25
4;129;38;25
5;125;38;25
6;104;32;25
7;56;39;25
8;24;44;25
9;62;17;25
10;118;17;25
11;152;32;25
12;4;44;25
13;146;49;25
14;13;49;25
15;69;16;25
16;54;25;25
17;86;39;25
18;148;21;25
19;38;48;25
;37;48;25
;123;25;25
;103;40;25
;110;21;25
;53;40;25
1;129;38;26
2;145;31;26
3;14;31;26
4;13;49;26
5;56;39;26
6;118;17;26
7;53;40;26
8;2;16;26
9;24;44;26
10;104;32;26
11;69;16;26
12;103;40;26
13;4;44;26
14;86;39;26
15;152;32;26
16;62;17;26
17;38;48;26
18;148;21;26
19;37;48;26
20;110;21;26
21;123;25;26
;146;49;26
;54;25;26
;125;38;26
1;125;38;27
2;145;31;27
3;104;32;27
4;14;31;27
5;13;49;27
6;53;40;27
7;129;38;27
8;118;17;27
9;152;32;27
10;146;49;27
11;62;17;27
12;24;44;27
13;86;39;27
14;2;16;27
15;69;16;27
16;123;25;27
17;54;25;27
18;37;48;27
19;148;21;27
20;158;21;27
;4;44;27
;103;40;27
;56;39;27
;38;48;27
1;2;16;28
2;69;16;28
3;129;38;28
4;145;31;28
5;14;31;28
6;125;38;28
7;56;39;28
8;104;32;28
9;152;32;28
10;86;39;28
11;53;40;28
12;13;49;28
13;146;49;28
14;103;40;28
15;4;44;28
16;62;17;28
17;118;17;28
18;37;48;28
19;110;21;28
;54;25;28
;38;48;28
;158;21;28
;123;25;28
;24;44;28
1;125;38;29
2;2;16;29
3;129;38;29
4;69;16;29
5;86;39;29
6;146;49;29
7;103;40;29
8;14;31;29
9;53;40;29
10;13;49;29
11;152;32;29
12;24;44;29
13;62;17;29
14;54;25;29
15;123;25;29
16;37;48;29
17;110;21;29
18;38;48;29
19;158;21;29
;145;31;29
;56;39;29
;104;32;29
;118;17;29
;4;44;29
1;145;31;30
2;125;38;30
3;56;39;30
4;69;16;30
5;118;17;30
6;104;32;30
7;152;32;30
8;53;40;30
9;86;39;30
10;62;17;30
11;103;40;30
12;24;44;30
13;4;44;30
14;146;49;30
15;129;38;30
16;54;25;30
17;38;48;30
18;37;48;30
19;123;25;30
20;158;21;30
;2;16;30
;14;31;30
;110;21;30
;13;49;30
1;2;16;31
2;14;31;31
3;69;16;31
4;129;38;31
5;104;32;31
6;125;38;31
7;146;49;31
8;56;39;31
9;152;32;31
10;13;49;31
11;24;44;31
12;62;17;31
13;86;39;31
14;103;40;31
15;4;44;31
16;118;17;31
17;37;48;31
18;54;25;31
19;158;21;31
20;38;48;31
;123;25;31
;110;21;31
;145;31;31
;53;40;31
1;2;16;32
2;129;38;32
3;125;38;32
4;14;31;32
5;104;32;32
6;13;49;32
7;56;39;32
8;69;16;32
9;118;17;32
10;146;49;32
11;86;39;32
12;4;44;32
13;152;32;32
14;24;44;32
15;38;48;32
16;54;25;32
;37;48;32
;134;40;32
;145;31;32
;52;21;32
;53;40;32
;110;21;32
;123;25;32
;62;17;32
1;129;38;33
2;125;38;33
3;2;16;33
4;14;31;33
5;145;31;33
6;152;32;33
7;53;40;33
8;134;40;33
9;13;49;33
10;24;44;33
11;4;44;33
12;54;25;33
13;123;25;33
14;37;48;33
15;110;21;33
16;158;21;33
17;104;32;33
;118;17;33
;56;39;33
;146;49;33
;69;16;33
;86;39;33
;62;17;33
;38;48;33
1;2;16;34
2;145;31;34
3;69;16;34
4;152;32;34
5;56;39;34
6;62;17;34
7;13;49;34
8;53;40;34
9;134;40;34
10;146;49;34
11;4;44;34
12;14;31;34
13;54;25;34
14;110;21;34
15;158;21;34
;118;17;34
;129;38;34
;86;39;34
;37;48;34
;24;44;34
;38;48;34
;123;25;34
;125;38;34
;104;32;34
1;129;38;35
2;125;38;35
3;2;16;35
4;145;31;35
5;14;31;35
6;104;32;35
7;152;32;35
8;146;49;35
9;56;39;35
10;53;40;35
11;4;44;35
12;118;17;35
13;24;44;35
14;13;49;35
15;69;16;35
16;86;39;35
17;134;40;35
18;54;25;35
19;123;25;35
20;37;48;35
21;110;21;35
22;52;21;35
;38;48;35
;62;17;35
1;129;38;36
2;145;31;36
3;14;31;36
4;104;32;36
5;56;39;36
6;86;39;36
7;2;16;36
8;125;38;36
9;4;44;36
10;69;16;36
11;134;40;36
12;13;49;36
13;118;17;36
14;53;40;36
15;24;44;36
16;146;49;36
17;54;25;36
18;38;48;36
19;110;21;36
20;52;21;36
21;123;25;36
;37;48;36
;152;32;36
;62;17;36
1;129;38;37
2;145;31;37
3;86;39;37
4;2;16;37
5;125;38;37
6;14;31;37
7;69;16;37
8;24;44;37
9;118;17;37
10;99;17;37
11;4;44;37
12;134;39;37
13;123;25;37
14;5;28;37
;37;28;37
;13;49;37
;104;32;37
;54;25;37
;152;32;37
;67;49;37
;84;40;37
;53;40;37
1;129;38;38
2;14;31;38
3;134;39;38
4;125;38;38
5;69;16;38
6;2;16;38
7;53;40;38
8;145;31;38
9;152;32;38
10;99;17;38
11;118;17;38
12;104;32;38
13;24;44;38
14;4;44;38
15;54;25;38
16;37;28;38
17;86;39;38
;62;21;38
;5;28;38
;123;25;38
;84;40;38
;13;49;38
;49;21;38
;67;49;38
1;145;31;39
2;129;38;39
3;125;38;39
4;14;31;39
5;104;32;39
6;69;16;39
7;2;16;39
8;152;32;39
9;86;39;39
10;53;40;39
11;99;17;39
12;134;39;39
13;13;49;39
14;24;44;39
15;118;17;39
16;54;25;39
17;84;40;39
18;67;49;39
19;123;25;39
20;5;28;39
21;37;28;39
22;62;21;39
23;49;21;39
;4;44;39
1;129;38;40
2;125;38;40
3;2;16;40
4;145;31;40
5;104;32;40
6;14;31;40
7;134;39;40
8;86;39;40
9;24;44;40
10;53;40;40
11;69;16;40
12;152;32;40
13;118;17;40
14;84;40;40
15;13;49;40
16;4;44;40
17;67;49;40
18;123;25;40
19;54;25;40
20;5;28;40
21;49;21;40
22;62;21;40
;99;17;40
;37;28;40
1;129;38;41
2;145;31;41
3;14;31;41
4;125;38;41
5;2;16;41
6;152;32;41
7;104;32;41
8;134;39;41
9;84;40;41
10;53;40;41
11;86;39;41
12;99;17;41
13;118;17;41
14;24;44;41
15;67;49;41
16;4;44;41
17;13;49;41
18;123;25;41
19;37;28;41
20;5;28;41
21;49;21;41
;69;16;41
;54;25;41
;62;21;41
1;129;38;42
2;2;16;42
3;14;31;42
4;125;38;42
5;53;40;42
6;145;31;42
7;118;17;42
8;134;39;42
9;13;49;42
10;24;44;42
11;104;32;42
12;99;17;42
13;123;25;42
14;54;25;42
15;5;28;42
16;62;21;42
17;49;21;42
18;67;49;42
;86;39;42
;4;44;42
;69;16;42
;152;32;42
;37;28;42
1;14;31;43
2;129;38;43
3;125;38;43
4;152;32;43
5;86;39;43
6;69;16;43
7;53;40;43
8;4;44;43
9;13;49;43
10;24;44;43
11;104;32;43
12;103;40;43
13;62;21;43
14;5;28;43
15;37;28;43
16;123;25;43
17;49;21;43
18;99;17;43
;67;49;43
;134;39;43
;118;17;43
;2;16;43
;54;25;43
;145;31;43
1;129;38;44
2;2;16;44
3;125;38;44
4;145;31;44
5;69;16;44
6;14;31;44
7;104;32;44
8;4;44;44
9;118;17;44
10;134;39;44
11;84;40;44
12;13;49;44
13;24;44;44
14;99;17;44
15;86;39;44
16;53;40;44
17;152;32;44
18;67;49;44
19;54;25;44
20;123;25;44
21;37;28;44
22;5;28;44
23;62;21;44
24;49;21;44
1;2;16;45
2;129;38;45
3;125;38;45
4;145;31;45
5;69;16;45
6;104;32;45
7;84;40;45
8;134;39;45
9;152;32;45
10;4;44;45
11;118;17;45
12;86;39;45
13;13;49;45
14;67;49;45
15;99;17;45
16;37;28;45
17;5;28;45
18;62;21;45
19;100;21;45
;14;31;45
;24;44;45
;53;40;45
;123;25;45
;54;25;45
1;145;31;46
2;2;16;46
3;125;38;46
4;129;38;46
5;69;16;46
6;118;17;46
7;104;32;46
8;152;32;46
9;53;40;46
10;86;39;46
11;84;40;46
12;4;44;46
13;99;17;46
14;67;49;46
15;24;44;46
16;54;25;46
17;37;28;46
18;5;28;46
19;100;21;46
20;148;25;46
;62;21;46
;14;31;46
;13;49;46
;134;39;46
1;14;31;47
2;129;38;47
3;2;16;47
4;145;31;47
5;125;38;47
6;69;16;47
7;99;17;47
8;24;44;47
9;104;32;47
10;4;44;47
11;53;40;47
12;86;39;47
13;13;49;47
14;118;17;47
15;84;40;47
16;67;49;47
17;37;28;47
18;100;21;47
19;5;28;47
20;62;21;47
;54;25;47
;152;32;47
;134;39;47
;123;25;47
1;129;38;48
2;125;38;48
3;14;31;48
4;2;16;48
5;152;32;48
6;104;32;48
7;118;17;48
8;69;16;48
9;86;39;48
10;67;49;48
11;99;17;48
12;53;40;48
13;110;39;48
14;123;25;48
15;54;25;48
16;13;49;48
17;5;28;48
18;37;28;48
19;62;21;48
;84;40;48
;100;21;48
;145;31;48
;24;44;48
;4;44;48
1;129;38;49
2;14;31;49
3;2;16;49
4;145;31;49
5;152;32;49
6;69;16;49
7;4;44;49
8;99;17;49
9;110;39;49
10;24;44;49
11;67;49;49
12;13;49;49
13;54;25;49
14;123;25;49
15;37;28;49
;100;21;49
;84;40;49
;53;40;49
;118;17;49
;125;38;49
;5;28;49
;86;39;49
;104;32;49
;62;21;49
1;129;38;50
2;14;31;50
3;125;38;50
4;2;16;50
5;145;31;50
6;99;17;50
7;104;32;50
8;118;17;50
9;69;16;50
10;84;40;50
11;67;49;50
12;24;44;50
13;13;49;50
14;53;40;50
15;110;39;50
16;54;25;50
17;86;39;50
18;5;28;50
19;100;21;50
20;62;21;50
21;4;44;50
;123;25;50
;152;32;50
;37;28;50
1;14;31;51
2;2;16;51
3;129;38;51
4;125;38;51
5;145;31;51
6;152;32;51
7;69;16;51
8;84;40;51
9;86;39;51
10;104;32;51
11;118;17;51
12;99;17;51
13;53;40;51
14;67;49;51
15;4;44;51
16;110;39;51
17;13;49;51
18;54;25;51
19;123;25;51
20;37;28;51
21;5;28;51
22;100;21;51
23;62;21;51
;24;44;51
1;129;38;52
2;145;31;52
3;125;38;52
4;14;31;52
5;2;16;52
6;69;16;52
7;4;44;52
8;104;32;52
9;24;44;52
10;99;17;52
11;118;17;52
12;13;49;52
13;110;39;52
14;54;25;52
15;53;40;52
16;84;40;52
17;123;25;52
18;37;28;52
19;100;21;52
20;5;28;52
21;62;21;52
;67;49;52
;86;39;52
;152;32;52
1;129;38;53
2;14;31;53
3;2;16;53
4;125;38;53
5;152;32;53
6;104;32;53
7;145;31;53
8;4;44;53
9;118;17;53
10;84;40;53
11;86;39;53
12;110;39;53
13;99;17;53
14;54;25;53
15;13;49;53
16;5;28;53
17;49;21;53
18;100;21;53
19;123;25;53
;69;16;53
;24;44;53
;67;49;53
;37;28;53
;53;40;53
1;145;31;54
2;2;16;54
3;14;31;54
4;125;38;54
5;69;16;54
6;104;32;54
7;152;32;54
8;118;17;54
9;99;17;54
10;53;40;54
11;84;40;54
12;13;49;54
13;86;39;54
14;67;49;54
15;4;44;54
16;110;39;54
17;54;25;54
18;123;25;54
19;37;28;54
20;62;21;54
;100;21;54
;24;44;54
;5;28;54
;129;38;54
1;125;38;55
2;129;38;55
3;14;31;55
4;2;16;55
5;69;16;55
6;118;17;55
7;104;32;55
8;99;17;55
9;53;40;55
10;86;39;55
11;4;44;55
12;24;44;55
13;84;40;55
14;13;49;55
15;152;32;55
16;54;25;55
17;110;39;55
18;123;25;55
19;5;28;55
20;100;21;55
;62;21;55
;145;31;55
;67;49;55
;37;28;55
1;14;31;56
2;129;38;56
3;145;31;56
4;125;38;56
5;2;16;56
6;53;40;56
7;94;25;56
8;84;40;56
9;100;44;56
10;99;17;56
11;28;44;56
12;104;32;56
13;67;49;56
14;37;28;56
15;88;28;56
16;110;49;56
;69;16;56
;54;13;56
;86;13;56
;152;32;56
;39;25;56
;146;17;56
1;2;16;57
2;84;40;57
3;145;31;57
4;125;38;57
5;94;25;57
6;110;49;57
7;99;17;57
8;28;44;57
9;146;17;57
10;152;32;57
11;129;38;57
12;100;44;57
13;104;32;57
14;14;31;57
15;69;16;57
16;86;13;57
17;37;28;57
18;54;13;57
19;67;49;57
20;88;28;57
21;103;21;57
22;49;21;57
;53;40;57
;39;25;57
1;104;32;58
2;14;31;58
3;145;31;58
4;125;38;58
5;129;38;58
6;39;25;58
7;110;49;58
8;67;49;58
9;2;16;58
10;53;40;58
11;84;40;58
12;99;17;58
13;69;16;58
14;94;25;58
15;146;17;58
16;28;44;58
17;100;44;58
18;86;13;58
19;37;28;58
20;88;28;58
21;103;21;58
22;49;21;58
23;54;13;58
;152;32;58
1;129;38;59
2;94;25;59
3;39;25;59
4;125;38;59
5;104;32;59
6;99;17;59
7;2;16;59
8;145;31;59
9;69;16;59
10;152;32;59
11;84;40;59
12;146;17;59
13;53;40;59
14;28;44;59
15;100;44;59
16;86;13;59
17;54;13;59
18;14;31;59
19;37;28;59
20;103;21;59
21;49;21;59
22;110;49;59
;67;49;59
;88;28;59
1;67;49;60
2;2;16;60
3;94;25;60
4;39;25;60
5;53;40;60
6;129;38;60
7;104;32;60
8;145;31;60
9;14;31;60
10;146;17;60
11;125;38;60
12;28;44;60
13;100;44;60
14;99;17;60
15;69;16;60
16;54;13;60
17;86;13;60
18;37;28;60
19;103;21;60
;84;40;60
;88;28;60
;49;21;60
;110;49;60
;152;32;60
1;125;38;61
2;104;32;61
3;2;16;61
4;129;38;61
5;145;31;61
6;69;16;61
7;99;17;61
8;146;17;61
9;94;25;61
10;110;49;61
11;84;40;61
12;28;44;61
13;54;13;61
14;37;28;61
15;49;21;61
16;14;31;61
;100;44;61
;88;28;61
;152;32;61
;86;13;61
;53;40;61
;39;25;61
;103;21;61
;67;49;61
1;145;31;62
2;39;25;62
3;84;40;62
4;129;38;62
5;2;16;62
6;104;32;62
7;125;38;62
8;94;25;62
9;53;40;62
10;69;16;62
11;99;17;62
12;146;17;62
13;67;49;62
14;100;44;62
15;28;44;62
16;14;31;62
17;110;49;62
18;54;13;62
19;86;13;62
20;88;28;62
;37;28;62
;152;32;62
;103;21;62
;49;21;62
1;2;16;63
2;94;25;63
3;152;32;63
4;125;38;63
5;146;17;63
6;104;32;63
7;99;17;63
8;14;31;63
9;84;40;63
10;110;49;63
11;100;44;63
12;67;49;63
13;86;13;63
14;54;13;63
15;88;28;63
16;69;16;63
17;103;21;63
18;49;21;63
19;145;31;63
;39;25;63
;129;38;63
;53;40;63
;28;44;63
1;125;38;64
2;2;16;64
3;129;38;64
4;69;16;64
5;94;25;64
6;39;25;64
7;152;32;64
8;145;31;64
9;110;49;64
10;14;31;64
11;53;40;64
12;146;17;64
13;100;44;64
14;28;44;64
15;104;32;64
16;67;49;64
17;54;13;64
18;37;28;64
19;88;28;64
20;103;21;64
21;49;21;64
;84;40;64
;99;17;64
;86;13;64
1;2;16;65
2;14;31;65
3;94;25;65
4;53;40;65
5;129;38;65
6;84;40;65
7;152;32;65
8;125;38;65
9;146;17;65
10;104;32;65
11;99;17;65
12;69;16;65
13;100;44;65
14;28;44;65
15;67;49;65
16;86;13;65
17;110;49;65
18;39;25;65
19;54;13;65
20;88;28;65
21;103;21;65
22;37;28;65
23;49;21;65
;145;31;65
1;145;31;66
2;94;25;66
3;39;25;66
4;129;38;66
5;2;16;66
6;14;31;66
7;110;49;66
8;125;38;66
9;69;16;66
10;104;32;66
11;146;17;66
12;99;17;66
13;67;49;66
14;84;40;66
15;100;44;66
16;28;44;66
17;54;13;66
18;53;40;66
19;86;13;66
20;88;28;66
21;37;28;66
22;103;21;66
;49;21;66
;152;32;66
1;14;31;67
2;129;38;67
3;94;25;67
4;146;17;67
5;69;16;67
6;125;38;67
7;152;32;67
8;28;44;67
9;100;44;67
10;99;17;67
11;104;32;67
12;110;49;67
13;53;40;67
14;86;13;67
15;37;28;67
16;88;28;67
17;54;13;67
18;103;21;67
;49;21;67
;67;49;67
;84;40;67
;2;16;67
;145;31;67
;39;25;67
1;145;31;68
2;84;40;68
3;2;16;68
4;69;16;68
5;94;25;68
6;152;32;68
7;104;32;68
8;99;17;68
9;53;40;68
10;110;49;68
11;67;49;68
12;100;44;68
13;5;25;68
14;54;13;68
15;86;13;68
16;88;28;68
17;37;28;68
18;103;21;68
19;49;21;68
20;125;38;68
21;146;17;68
22;129;38;68
;14;31;68
;28;44;68
1;129;38;69
2;14;31;69
3;2;16;69
4;99;17;69
5;104;32;69
6;94;25;69
7;39;25;69
8;69;16;69
9;100;44;69
10;84;40;69
11;125;38;69
12;37;28;69
13;53;40;69
14;146;17;69
15;54;13;69
16;88;28;69
17;103;21;69
18;110;49;69
19;86;13;69
;28;44;69
;152;32;69
;67;49;69
;49;21;69
;145;31;69
1;129;38;70
2;69;16;70
3;53;40;70
4;14;31;70
5;145;31;70
6;94;25;70
7;146;17;70
8;67;49;70
9;125;38;70
10;100;44;70
11;152;32;70
12;99;17;70
13;28;44;70
14;110;49;70
15;54;13;70
16;37;28;70
17;86;13;70
18;103;21;70
19;39;25;70
;88;28;70
;49;21;70
;84;40;70
;2;16;70
;104;32;70
1;129;38;71
2;125;38;71
3;2;16;71
4;69;16;71
5;94;25;71
6;146;17;71
7;39;25;71
8;28;44;71
9;100;44;71
10;145;31;71
11;84;40;71
12;99;17;71
13;152;32;71
14;67;49;71
15;110;49;71
16;86;13;71
17;54;13;71
18;37;28;71
19;88;28;71
20;49;21;71
;103;21;71
;53;40;71
;104;32;71
;14;31;71
1;129;38;72
2;2;16;72
3;125;38;72
4;145;31;72
5;14;31;72
6;69;16;72
7;94;25;72
8;146;17;72
9;39;25;72
10;110;49;72
11;104;32;72
12;99;17;72
13;100;44;72
14;53;40;72
15;28;44;72
16;67;49;72
17;86;13;72
18;54;13;72
19;88;28;72
20;37;28;72
21;49;21;72
22;152;32;72
;103;21;72
;84;40;72
1;94;25;73
2;2;16;73
3;129;38;73
4;14;31;73
5;67;49;73
6;53;40;73
7;69;16;73
8;110;49;73
9;99;17;73
10;100;44;73
11;152;32;73
12;28;44;73
13;54;13;73
14;37;28;73
15;84;40;73
16;86;13;73
17;103;21;73
;88;28;73
;39;25;73
;125;38;73
;145;31;73
;49;21;73
;104;32;73
;146;17;73
1;145;31;74
2;129;38;74
3;2;16;74
4;69;16;74
5;14;31;74
6;94;25;74
7;39;25;74
8;146;17;74
9;67;49;74
10;110;49;74
11;84;40;74
12;100;44;74
13;104;32;74
14;53;40;74
15;99;17;74
16;152;32;74
17;86;13;74
18;54;13;74
19;37;28;74
20;88;28;74
21;103;21;74
22;49;21;74
;125;38;74
;28;44;74
1;14;31;75
2;2;16;75
3;69;16;75
4;125;38;75
5;146;17;75
6;129;38;75
7;152;32;75
8;28;44;75
9;53;40;75
10;94;25;75
11;86;13;75
12;88;28;75
13;100;44;75
14;54;13;75
15;104;32;75
16;37;28;75
17;103;21;75
18;49;21;75
19;99;17;75
;145;31;75
;39;25;75
;67;49;75
;110;49;75
;84;40;75
1;94;25;76
2;2;16;76
3;129;38;76
4;69;16;76
5;145;32;76
6;125;38;76
7;118;17;76
8;99;17;76
9;14;31;76
10;39;25;76
11;84;31;76
12;28;44;76
13;40;40;76
14;18;49;76
15;25;28;76
16;88;13;76
17;150;28;76
18;32;13;76
;100;44;76
;104;32;76
;67;49;76
;146;40;76
1;129;38;77
2;125;38;77
3;145;32;77
4;104;32;77
5;69;16;77
6;39;25;77
7;94;25;77
8;146;40;77
9;84;31;77
10;28;44;77
11;18;49;77
12;40;40;77
13;25;28;77
14;88;13;77
15;32;13;77
16;150;28;77
17;14;31;77
18;100;44;77
;67;49;77
;118;17;77
;99;17;77
;2;16;77
1;2;16;78
2;94;25;78
3;145;32;78
4;129;38;78
5;14;31;78
6;69;16;78
7;100;44;78
8;99;17;78
9;39;25;78
10;146;40;78
11;84;31;78
12;28;44;78
13;18;49;78
14;67;49;78
15;25;28;78
16;88;13;78
17;150;28;78
18;32;13;78
;104;32;78
;125;38;78
;118;17;78
;40;40;78
1;129;38;79
2;94;25;79
3;39;25;79
4;99;17;79
5;145;32;79
6;84;31;79
7;125;38;79
8;2;16;79
9;104;32;79
10;14;31;79
11;67;49;79
12;146;40;79
13;118;17;79
14;18;49;79
15;69;16;79
16;100;44;79
17;88;13;79
18;40;40;79
19;25;28;79
20;150;28;79
21;32;13;79
;28;44;79
1;2;16;80
2;94;25;80
3;69;16;80
4;129;38;80
5;125;38;80
6;104;32;80
7;99;17;80
8;14;31;80
9;84;31;80
10;100;44;80
11;40;40;80
12;145;32;80
13;118;17;80
14;67;49;80
15;146;40;80
16;18;49;80
17;88;13;80
18;25;28;80
19;150;28;80
;28;44;80
;32;13;80
;39;25;80
1;104;32;81
2;129;38;81
3;125;38;81
4;145;32;81
5;118;17;81
6;14;31;81
7;2;16;81
8;28;44;81
9;99;17;81
10;94;25;81
11;146;40;81
12;18;49;81
13;40;40;81
14;150;28;81
15;32;13;81
16;84;31;81
;39;25;81
;100;44;81
;25;28;81
;67;49;81
;69;16;81
;88;13;81
1;129;38;82
2;2;16;82
3;145;32;82
4;125;38;82
5;104;32;82
6;28;44;82
7;99;17;82
8;69;16;82
9;94;25;82
10;118;17;82
11;84;31;82
12;14;31;82
13;39;25;82
14;18;49;82
15;100;44;82
16;67;49;82
17;25;28;82
18;88;13;82
19;150;28;82
20;40;40;82
;146;40;82
;32;13;82
1;104;32;83
2;125;38;83
3;2;16;83
4;145;32;83
5;94;25;83
6;69;16;83
7;118;17;83
8;100;44;83
9;99;17;83
10;146;40;83
11;67;49;83
12;18;49;83
13;14;31;83
14;40;40;83
15;88;13;83
16;25;28;83
17;150;28;83
18;32;13;83
19;39;25;83
20;84;31;83
;129;38;83
;28;44;83
1;129;38;84
2;94;25;84
3;39;25;84
4;2;16;84
5;145;32;84
6;14;31;84
7;125;38;84
8;84;31;84
9;104;32;84
10;146;40;84
11;99;17;84
12;100;44;84
13;118;17;84
14;40;40;84
15;67;49;84
16;18;49;84
17;88;13;84
18;32;13;84
19;150;28;84
;28;44;84
;25;28;84
;69;16;84
1;145;32;85
2;94;25;85
3;129;38;85
4;125;38;85
5;2;16;85
6;39;25;85
7;14;31;85
8;69;16;85
9;84;31;85
10;67;49;85
11;146;40;85
12;28;44;85
13;100;44;85
14;32;13;85
15;88;13;85
16;25;28;85
17;150;28;85
18;99;17;85
19;104;32;85
;18;49;85
;40;40;85
;118;17;85
1;129;38;86
2;2;16;86
3;145;32;86
4;104;32;86
5;125;38;86
6;14;31;86
7;69;16;86
8;39;25;86
9;118;17;86
10;100;44;86
11;84;31;86
12;28;44;86
13;146;40;86
14;40;40;86
15;18;49;86
16;32;13;86
17;67;49;86
18;25;28;86
19;150;28;86
;99;17;86
;94;25;86
;88;13;86
1;129;38;87
2;2;16;87
3;125;38;87
4;69;16;87
5;146;40;87
6;104;32;87
7;100;44;87
8;39;25;87
9;145;32;87
10;14;31;87
11;94;25;87
12;84;31;87
13;40;40;87
14;67;49;87
15;18;49;87
16;118;17;87
17;88;13;87
18;32;13;87
19;25;28;87
20;150;28;87
;28;44;87
;99;17;87
1;129;38;88
2;2;16;88
3;94;25;88
4;104;32;88
5;145;32;88
6;69;16;88
7;14;31;88
8;84;31;88
9;146;40;88
10;118;17;88
11;67;49;88
12;40;40;88
13;18;49;88
14;28;44;88
15;125;38;88
16;32;13;88
17;150;28;88
18;25;28;88
19;88;13;88
20;99;17;88
;39;25;88
;100;44;88
1;129;38;89
2;94;25;89
3;39;25;89
4;146;40;89
5;145;32;89
6;2;16;89
7;104;32;89
8;14;31;89
9;69;16;89
10;84;31;89
11;40;40;89
12;18;49;89
13;67;49;89
14;88;13;89
15;32;13;89
16;25;28;89
17;150;28;89
18;28;44;89
19;100;44;89
20;118;17;89
;125;38;89
;99;17;89
1;129;38;90
2;125;38;90
3;39;25;90
4;2;16;90
5;94;25;90
6;146;40;90
7;40;40;90
8;104;32;90
9;14;31;90
10;69;16;90
11;99;17;90
12;28;44;90
13;100;44;90
14;118;17;90
15;84;31;90
16;67;49;90
17;18;49;90
18;88;13;90
19;150;28;90
;145;32;90
;32;13;90
;25;28;90
1;129;38;91
2;104;32;91
3;39;25;91
4;69;16;91
5;84;31;91
6;145;32;91
7;94;25;91
8;99;17;91
9;118;17;91
10;100;44;91
11;2;16;91
12;67;49;91
13;28;44;91
14;14;31;91
15;40;40;91
16;18;49;91
17;150;28;91
18;25;28;91
19;146;40;91
;125;38;91
;88;13;91
;32;13;91
1;129;38;92
2;125;38;92
3;104;32;92
4;39;25;92
5;2;16;92
6;99;17;92
7;145;32;92
8;69;16;92
9;84;31;92
10;118;17;92
11;67;49;92
12;14;31;92
13;40;40;92
14;146;40;92
15;18;49;92
16;100;44;92
17;28;44;92
18;32;13;92
19;88;13;92
20;25;28;92
21;150;28;92
;94;25;92
1;129;38;93
2;39;25;93
3;125;38;93
4;145;32;93
5;2;16;93
6;146;40;93
7;84;31;93
8;18;49;93
9;104;32;93
10;14;31;93
11;100;44;93
12;69;16;93
13;40;40;93
14;54;25;93
15;99;17;93
16;28;44;93
17;67;49;93
18;25;28;93
19;32;13;93
20;88;13;93
21;150;28;93
;118;17;93
1;129;38;94
2;125;38;94
3;2;16;94
4;14;31;94
5;104;32;94
6;84;31;94
7;69;16;94
8;146;40;94
9;145;32;94
10;100;44;94
11;99;17;94
12;40;40;94
13;118;17;94
14;54;25;94
15;28;44;94
16;67;49;94
17;25;28;94
18;32;13;94
19;150;28;94
;88;13;94
;18;49;94
;39;25;94
1;104;32;95
2;64;31;95
3;14;31;95
4;2;16;95
5;18;49;95
6;146;17;95
7;94;16;95
8;28;44;95
9;50;44;95
10;84;17;95
11;118;40;95
12;40;40;95
13;150;28;95
;25;28;95
;39;25;95
;67;25;95
;157;13;95
;129;38;95
;145;32;95
;69;49;95
;53;13;95
;100;38;95
1;145;32;96
2;104;32;96
3;129;38;96
4;2;16;96
5;146;17;96
6;14;31;96
7;69;49;96
8;18;49;96
9;64;31;96
10;50;44;96
11;39;25;96
12;94;16;96
13;53;13;96
14;157;13;96
15;150;28;96
;100;38;96
;40;40;96
;118;40;96
;28;44;96
;25;28;96
;67;25;96
;84;17;96
1;145;32;97
2;104;32;97
3;84;17;97
4;100;38;97
5;146;17;97
6;129;38;97
7;69;49;97
8;18;49;97
9;2;16;97
10;94;16;97
11;50;44;97
12;39;25;97
13;150;28;97
14;67;25;97
15;53;13;97
16;25;28;97
17;14;31;97
;64;31;97
;40;40;97
;157;13;97
;28;44;97
;118;40;97
1;145;32;98
2;104;32;98
3;2;16;98
4;100;38;98
5;129;38;98
6;146;17;98
7;18;49;98
8;94;16;98
9;84;17;98
10;50;44;98
11;14;31;98
12;28;44;98
13;64;31;98
14;67;25;98
15;69;49;98
16;40;40;98
17;25;28;98
18;53;13;98
19;150;28;98
20;157;13;98
;39;25;98
;118;40;98
1;145;32;99
2;104;32;99
3;100;38;99
4;129;38;99
5;18;49;99
6;2;16;99
7;94;16;99
8;39;25;99
9;84;17;99
10;146;17;99
11;14;31;99
12;64;31;99
13;69;49;99
14;50;44;99
15;67;25;99
16;40;40;99
17;118;40;99
18;25;28;99
19;150;28;99
20;157;13;99
;53;13;99
;28;44;99
1;104;32;100
2;145;32;100
3;100;38;100
4;2;16;100
5;146;17;100
6;14;31;100
7;69;49;100
8;39;25;100
9;25;28;100
10;64;31;100
11;157;13;100
12;94;16;100
13;53;13;100
14;150;28;100
;40;40;100
;18;49;100
;28;44;100
;118;40;100
;50;44;100
;129;38;100
;84;17;100
;67;25;100
1;100;38;101
2;104;32;101
3;129;38;101
4;14;31;101
5;146;17;101
6;2;16;101
7;18;49;101
8;28;44;101
9;64;31;101
10;94;16;101
11;84;17;101
12;69;49;101
13;118;40;101
14;40;40;101
;39;25;101
;50;44;101
;145;32;101
;53;13;101
;67;25;101
;157;13;101
;25;28;101
;150;28;101
1;104;32;102
2;145;32;102
3;18;49;102
4;69;49;102
5;2;16;102
6;84;17;102
7;64;31;102
8;100;38;102
9;146;17;102
10;94;16;102
11;14;31;102
12;67;25;102
13;118;40;102
14;39;25;102
15;25;28;102
16;53;13;102
17;150;28;102
18;157;13;102
19;40;40;102
;28;44;102
;129;38;102
;50;44;102
1;145;32;103
2;18;49;103
3;100;38;103
4;14;31;103
5;129;38;103
6;2;16;103
7;64;31;103
8;146;17;103
9;50;44;103
10;28;44;103
11;84;17;103
12;39;25;103
13;118;40;103
14;25;28;103
15;53;13;103
16;150;28;103
17;67;25;103
;104;32;103
;157;13;103
;40;40;103
;69;49;103
;94;16;103
1;104;32;104
2;18;49;104
3;145;32;104
4;129;38;104
5;2;16;104
6;100;38;104
7;146;17;104
8;14;31;104
9;64;31;104
10;84;17;104
11;94;16;104
12;67;25;104
13;28;44;104
14;40;40;104
15;25;28;104
16;53;13;104
17;150;28;104
18;157;13;104
;118;40;104
;50;44;104
;39;25;104
;69;49;104
1;100;38;105
2;2;16;105
3;145;32;105
4;104;32;105
5;69;49;105
6;94;16;105
7;129;38;105
8;18;49;105
9;28;44;105
10;14;31;105
11;118;40;105
12;64;31;105
13;67;25;105
14;50;44;105
15;25;28;105
16;150;28;105
;40;40;105
;53;13;105
;84;17;105
;146;17;105
;39;25;105
;157;13;105
1;100;38;106
2;104;32;106
3;18;49;106
4;94;16;106
5;129;38;106
6;14;31;106
7;2;16;106
8;84;17;106
9;50;44;106
10;146;17;106
11;28;44;106
12;64;31;106
13;69;49;106
14;118;40;106
15;40;40;106
16;150;28;106
17;157;13;106
18;25;28;106
;145;32;106
;39;25;106
;67;25;106
;63;13;106
1;145;32;107
2;104;32;107
3;69;49;107
4;18;49;107
5;100;38;107
6;129;38;107
7;84;17;107
8;14;31;107
9;94;16;107
10;64;31;107
11;50;44;107
12;146;17;107
13;28;44;107
14;67;25;107
15;118;40;107
16;39;25;107
17;53;13;107
18;25;28;107
19;157;13;107
20;40;40;107
;2;16;107
;150;28;107
1;145;32;108
2;129;38;108
3;100;38;108
4;2;16;108
5;69;49;108
6;28;44;108
7;84;17;108
8;94;16;108
9;146;17;108
10;64;31;108
11;18;49;108
12;67;25;108
13;39;25;108
14;50;44;108
15;157;13;108
16;25;28;108
17;150;28;108
;14;31;108
;118;40;108
;40;40;108
;104;32;108
;53;13;108
1;145;32;109
2;104;32;109
3;129;38;109
4;100;38;109
5;14;31;109
6;18;49;109
7;69;49;109
8;146;17;109
9;28;44;109
10;84;17;109
11;50;44;109
12;94;16;109
13;40;40;109
14;64;31;109
15;39;25;109
16;67;25;109
17;157;13;109
18;150;28;109
19;53;13;109
20;25;28;109
21;118;40;109
;2;16;109
1;145;32;110
2;104;32;110
3;18;49;110
4;14;31;110
5;64;31;110
6;2;16;110
7;100;38;110
8;129;38;110
9;94;16;110
10;84;17;110
11;69;49;110
12;146;17;110
13;28;44;110
14;50;44;110
15;40;40;110
16;118;40;110
17;39;25;110
18;67;25;110
19;157;13;110
;53;13;110
;150;28;110
1;145;32;111
2;104;32;111
3;100;38;111
4;69;49;111
5;18;49;111
6;2;16;111
7;129;38;111
8;64;31;111
9;67;25;111
10;28;44;111
11;39;25;111
12;14;31;111
13;94;16;111
14;40;40;111
15;50;44;111
;146;17;111
;84;17;111
;118;40;111
1;104;32;112
2;145;32;112
3;69;49;112
4;14;31;112
5;129;38;112
6;2;16;112
7;94;16;112
8;146;17;112
9;64;31;112
10;18;49;112
11;50;44;112
12;67;25;112
13;28;44;112
14;40;40;112
15;84;17;112
16;118;40;112
17;39;25;112
;100;38;112
1;145;32;113
2;69;49;113
3;18;49;113
4;100;38;113
5;14;31;113
6;146;17;113
7;84;17;113
8;129;38;113
9;2;16;113
10;94;16;113
11;64;31;113
12;28;44;113
13;39;25;113
14;104;32;113
15;40;40;113
16;118;40;113
17;115;13;113
;53;13;113
;67;25;113
;50;44;113
1;145;32;114
2;104;32;114
3;129;16;114
4;69;49;114
5;76;40;114
6;100;38;114
7;146;17;114
8;157;40;114
9;107;44;114
10;84;17;114
11;14;31;114
;94;16;114
;128;44;114
;39;25;114
;67;25;114
;50;38;114
;64;31;114
1;129;16;115
2;145;32;115
3;104;32;115
4;94;16;115
5;18;49;115
6;69;49;115
7;128;44;115
8;107;44;115
9;50;38;115
10;100;38;115
11;39;25;115
12;76;40;115
13;84;17;115
14;146;17;115
15;70;28;115
;67;25;115
;14;31;115
;2;31;115
;157;40;115
1;145;32;116
2;104;32;116
3;129;16;116
4;94;16;116
5;69;49;116
6;18;49;116
7;39;25;116
8;76;40;116
9;100;38;116
10;157;40;116
11;84;17;116
12;2;31;116
13;107;44;116
14;14;31;116
15;115;28;116
16;70;28;116
17;128;44;116
;67;25;116
;50;38;116
;146;17;116
1;145;32;117
2;94;16;117
3;104;32;117
4;18;49;117
5;129;16;117
6;100;38;117
7;39;25;117
8;84;17;117
9;50;38;117
10;69;49;117
11;2;31;117
12;76;40;117
13;146;17;117
14;157;40;117
15;67;25;117
16;115;28;117
17;70;28;117
;128;44;117
;107;44;117
;14;31;117
1;104;32;118
2;145;32;118
3;129;16;118
4;18;49;118
5;94;16;118
6;69;49;118
7;100;38;118
8;39;25;118
9;107;44;118
10;50;38;118
11;128;44;118
12;76;40;118
13;84;17;118
14;157;40;118
15;146;17;118
16;14;31;118
17;115;28;118
18;70;28;118
;67;25;118
;2;31;118
1;104;32;119
2;129;16;119
3;145;32;119
4;50;38;119
5;100;38;119
6;94;16;119
7;84;17;119
8;14;31;119
9;76;40;119
10;107;44;119
11;146;17;119
12;39;25;119
13;157;40;119
14;18;49;119
15;69;49;119
16;70;28;119
17;115;28;119
;128;44;119
;2;31;119
;67;25;119
1;145;32;120
2;104;32;120
3;18;49;120
4;94;16;120
5;129;16;120
6;69;49;120
7;67;25;120
8;146;17;120
9;50;38;120
10;39;25;120
11;84;17;120
12;107;44;120
13;100;38;120
14;157;40;120
15;128;44;120
16;76;40;120
17;115;28;120
;70;28;120
;14;31;120
;2;31;120
1;104;32;121
2;145;32;121
3;69;49;121
4;129;16;121
5;18;49;121
6;146;17;121
7;67;25;121
8;128;44;121
9;84;17;121
10;100;38;121
11;76;40;121
12;50;38;121
13;157;40;121
14;70;28;121
;39;25;121
;107;44;121
;14;31;121
;115;28;121
;94;16;121
;2;31;121
1;145;32;122
2;104;32;122
3;129;16;122
4;69;49;122
5;18;49;122
6;50;38;122
7;146;17;122
8;94;16;122
9;84;17;122
10;2;31;122
11;157;40;122
12;70;28;122
13;115;28;122
;107;44;122
;100;38;122
;128;44;122
;39;25;122
;67;25;122
;14;31;122
;76;40;122
1;129;16;123
2;50;38;123
3;100;38;123
4;128;44;123
5;2;31;123
6;145;32;123
7;39;25;123
8;104;32;123
9;14;31;123
10;157;40;123
11;76;40;123
12;69;49;123
13;18;49;123
14;67;25;123
15;70;28;123
16;115;28;123
;107;44;123
;94;16;123
;84;17;123
;146;17;123
1;145;32;124
2;104;32;124
3;39;25;124
4;50;38;124
5;84;17;124
6;69;49;124
7;94;16;124
8;128;44;124
9;18;49;124
10;157;40;124
11;76;40;124
12;129;16;124
13;2;31;124
14;14;31;124
15;70;28;124
16;115;28;124
;107;44;124
;100;38;124
;67;25;124
;146;17;124
1;145;32;125
2;129;16;125
3;69;49;125
4;18;49;125
5;94;16;125
6;84;17;125
7;146;17;125
8;100;38;125
9;157;40;125
10;50;38;125
11;107;44;125
12;128;44;125
13;76;40;125
14;14;31;125
15;115;28;125
16;70;28;125
17;104;32;125
18;2;31;125
;39;25;125
;67;25;125
1;129;16;126
2;100;38;126
3;94;16;126
4;104;32;126
5;18;49;126
6;50;38;126
7;84;17;126
8;128;44;126
9;107;44;126
10;76;40;126
11;157;40;126
12;67;25;126
13;106;28;126
14;115;28;126
;39;25;126
;14;31;126
;2;31;126
;145;32;126
;69;49;126
;146;17;126
1;145;32;127
2;104;32;127
3;129;16;127
4;94;16;127
5;18;49;127
6;146;17;127
7;39;25;127
8;67;25;127
9;128;44;127
10;107;44;127
11;2;31;127
12;84;17;127
13;50;38;127
14;157;40;127
15;100;38;127
16;14;31;127
17;69;49;127
18;106;28;127
19;115;28;127
20;76;40;127
1;145;32;128
2;129;16;128
3;84;17;128
4;69;49;128
5;50;38;128
6;76;40;128
7;67;25;128
8;94;16;128
9;14;31;128
10;128;44;128
11;2;31;128
12;18;49;128
13;70;28;128
14;115;28;128
15;100;38;128
;107;44;128
;39;25;128
;104;32;128
;146;17;128
;157;40;128
1;145;32;129
2;104;32;129
3;129;16;129
4;128;44;129
5;84;17;129
6;14;31;129
7;107;44;129
8;67;25;129
9;76;40;129
10;100;38;129
11;2;31;129
12;106;28;129
;50;38;129
;146;17;129
;157;40;129
;94;16;129
;69;49;129
;39;25;129
;18;49;129
;115;28;129
1;104;32;130
2;145;32;130
3;18;49;130
4;50;38;130
5;100;38;130
6;69;49;130
7;146;17;130
8;84;17;130
9;128;44;130
10;39;25;130
11;67;25;130
12;157;40;130
13;107;44;130
14;14;31;130
15;106;28;130
16;115;28;130
;76;40;130
;129;16;130
;94;16;130
;2;31;130
1;104;32;131
2;145;32;131
3;129;16;131
4;94;16;131
5;18;49;131
6;146;17;131
7;50;38;131
8;39;25;131
9;128;44;131
10;67;25;131
11;100;38;131
12;84;17;131
13;76;40;131
14;14;31;131
15;2;31;131
16;157;40;131
17;115;28;131
18;106;28;131
;107;44;131
;69;49;131
1;104;32;132
2;145;32;132
3;94;16;132
4;129;16;132
5;84;17;132
6;100;38;132
7;146;17;132
8;69;49;132
9;39;25;132
10;50;38;132
11;107;44;132
12;14;31;132
13;18;49;132
14;157;40;132
15;76;40;132
16;128;44;132
17;2;31;132
18;115;28;132
19;70;28;132
;67;25;132
1;104;32;133
2;145;32;133
3;129;16;133
4;100;38;133
5;69;49;133
6;39;18;133
7;146;17;133
8;18;49;133
9;107;44;133
10;128;44;133
11;80;39;133
12;64;39;133
13;84;17;133
14;14;31;133
15;76;40;133
16;27;26;133
;157;40;133
;94;16;133
;138;26;133
;40;18;133
;2;31;133
;50;38;133
1;104;32;134
2;94;16;134
3;145;32;134
4;100;38;134
5;39;18;134
6;128;44;134
7;50;38;134
8;69;49;134
9;18;49;134
10;26;31;134
11;64;39;134
12;157;40;134
13;27;26;134
14;76;40;134
15;146;17;134
16;84;17;134
17;138;26;134
;107;44;134
;40;18;134
;14;31;134
;129;16;134
;80;39;134
1;104;32;135
2;129;16;135
3;50;38;135
4;100;38;135
5;94;16;135
6;69;49;135
7;145;32;135
8;128;44;135
9;107;44;135
10;18;49;135
11;84;17;135
12;2;31;135
13;14;31;135
14;40;18;135
15;146;17;135
16;157;40;135
17;64;39;135
18;27;26;135
19;39;18;135
20;76;40;135
21;138;26;135
22;80;39;135
1;104;32;136
2;145;32;136
3;94;16;136
4;18;49;136
5;69;49;136
6;2;31;136
7;64;39;136
8;39;18;136
9;84;17;136
10;14;31;136
11;100;38;136
12;107;44;136
13;80;39;136
14;157;40;136
15;50;38;136
16;76;40;136
17;40;18;136
18;27;26;136
;128;44;136
;129;16;136
;146;17;136
;138;26;136
1;128;38;137
2;94;16;137
3;129;16;137
4;100;38;137
5;18;49;137
6;107;44;137
7;84;17;137
8;69;49;137
9;14;31;137
10;50;44;137
11;40;18;137
12;157;40;137
13;80;39;137
14;76;40;137
15;64;39;137
16;27;26;137
17;138;26;137
;39;18;137
;2;31;137
;146;17;137
;104;32;137
;145;32;137
1;145;32;138
2;100;38;138
3;84;17;138
4;129;16;138
5;2;31;138
6;146;17;138
7;104;32;138
8;107;44;138
9;14;31;138
10;69;49;138
11;40;18;138
12;18;49;138
13;39;18;138
14;27;26;138
15;138;26;138
;157;40;138
;76;40;138
;128;38;138
;64;39;138
;50;44;138
;94;16;138
;80;39;138
1;145;32;139
2;129;16;139
3;18;49;139
4;128;38;139
5;104;32;139
6;94;16;139
7;100;38;139
8;146;17;139
9;107;44;139
10;84;17;139
11;2;31;139
12;50;44;139
13;40;18;139
14;39;18;139
15;157;40;139
16;64;39;139
17;27;26;139
18;76;40;139
19;138;26;139
;69;49;139
;80;39;139
;14;31;139
1;104;32;140
2;129;16;140
3;84;17;140
4;94;16;140
5;145;32;140
6;18;49;140
7;100;38;140
8;128;38;140
9;146;17;140
10;69;49;140
11;14;31;140
12;76;40;140
13;39;18;140
14;64;39;140
15;80;39;140
16;40;18;140
17;157;40;140
18;138;26;140
;2;31;140
;27;26;140
;107;44;140
;50;44;140
1;145;32;141
2;128;38;141
3;94;16;141
4;104;32;141
5;100;38;141
6;14;31;141
7;39;18;141
8;107;44;141
9;18;49;141
10;27;26;141
11;40;18;141
12;80;39;141
13;76;40;141
14;64;39;141
15;157;40;141
16;138;26;141
17;84;17;141
18;2;31;141
19;146;17;141
20;69;49;141
;129;16;141
;50;44;141
1;145;32;142
2;128;38;142
3;104;32;142
4;100;38;142
5;94;16;142
6;84;17;142
7;146;17;142
8;107;44;142
9;129;16;142
10;50;44;142
11;69;49;142
12;14;31;142
13;2;31;142
14;18;49;142
15;76;40;142
16;40;18;142
17;64;39;142
;80;39;142
;138;26;142
;39;18;142
;157;40;142
;27;26;142
1;145;32;143
2;104;32;143
3;100;38;143
4;129;16;143
5;128;38;143
6;94;16;143
7;2;31;143
8;107;44;143
9;18;49;143
10;146;17;143
11;84;17;143
12;80;39;143
13;40;18;143
14;39;18;143
15;64;39;143
16;50;44;143
17;76;40;143
18;69;49;143
19;27;26;143
20;157;40;143
21;138;26;143
;14;31;143
1;145;32;144
2;100;38;144
3;128;38;144
4;104;32;144
5;129;16;144
6;94;16;144
7;146;17;144
8;14;31;144
9;18;49;144
10;84;17;144
11;40;18;144
12;2;31;144
13;39;18;144
14;107;44;144
15;50;44;144
16;64;39;144
17;27;26;144
18;157;40;144
19;80;39;144
20;138;26;144
;76;40;144
;69;49;144
1;104;32;145
2;100;38;145
3;145;32;145
4;146;17;145
5;84;17;145
6;129;16;145
7;2;31;145
8;18;49;145
9;94;16;145
10;69;49;145
11;128;38;145
12;40;18;145
13;39;18;145
14;50;44;145
15;80;39;145
16;79;26;145
17;76;40;145
;64;39;145
;157;40;145
;107;44;145
;14;31;145
;27;26;145
1;104;32;146
2;145;32;146
3;129;16;146
4;94;16;146
5;100;38;146
6;18;49;146
7;128;38;146
8;84;17;146
9;69;49;146
10;146;17;146
11;39;18;146
12;14;31;146
13;40;18;146
14;2;31;146
15;107;44;146
16;157;40;146
17;64;39;146
18;79;26;146
;50;44;146
;27;26;146
;80;39;146
;76;40;146
1;104;32;147
2;100;38;147
3;145;32;147
4;94;16;147
5;129;16;147
6;128;38;147
7;2;31;147
8;84;17;147
9;50;44;147
10;64;39;147
11;40;18;147
12;69;49;147
13;76;40;147
14;107;44;147
15;80;39;147
16;27;26;147
17;157;40;147
18;79;26;147
;14;31;147
;18;49;147
;146;17;147
;39;18;147
1;100;38;148
2;128;38;148
3;104;32;148
4;94;16;148
5;18;49;148
6;84;17;148
7;2;31;148
8;146;17;148
9;14;31;148
10;80;39;148
11;107;44;148
12;157;40;148
13;69;49;148
14;50;44;148
15;27;26;148
16;79;26;148
;76;40;148
;145;32;148
;40;18;148
;64;39;148
;39;18;148
;129;16;148
1;104;32;149
2;128;38;149
3;145;32;149
4;129;16;149
5;94;16;149
6;100;38;149
7;84;17;149
8;146;17;149
9;69;49;149
10;18;49;149
11;39;18;149
12;80;39;149
13;50;44;149
14;64;39;149
15;157;40;149
16;2;31;149
17;107;44;149
18;14;31;149
19;76;40;149
20;40;18;149
21;79;26;149
22;27;26;149
1;145;32;150
2;104;32;150
3;100;38;150
4;129;16;150
5;2;31;150
6;107;44;150
7;69;49;150
8;84;17;150
9;14;31;150
10;39;18;150
11;50;44;150
12;64;39;150
13;80;39;150
14;157;40;150
15;76;40;150
16;18;49;150
17;27;26;150
18;79;26;150
;94;16;150
;128;38;150
;40;18;150
;146;17;150
1;145;32;151
2;104;32;151
3;100;38;151
4;128;38;151
5;129;16;151
6;94;16;151
7;146;17;151
8;18;49;151
9;69;49;151
10;84;17;151
11;157;40;151
12;14;31;151
13;2;31;151
14;80;39;151
15;76;40;151
16;107;44;151
17;64;39;151
18;50;44;151
19;40;18;151
20;39;18;151
21;79;26;151
;27;26;151
1;145;32;152
2;104;32;152
3;128;38;152
4;84;17;152
5;129;16;152
6;107;44;152
7;146;17;152
8;100;38;152
9;76;40;152
10;2;31;152
11;18;49;152
12;79;26;152
13;50;44;152
14;64;39;152
15;27;26;152
16;14;31;152
;40;18;152
;69;49;152
;80;39;152
;94;16;152
;157;40;152
;39;18;152
1;145;32;153
2;104;32;153
3;129;16;153
4;128;38;153
5;100;38;153
6;94;16;153
7;146;17;153
8;84;17;153
9;69;49;153
10;2;31;153
11;39;18;153
12;40;18;153
13;79;26;153
14;27;26;153
15;157;40;153
16;76;40;153
17;80;39;153
;107;44;153
;50;44;153
;14;31;153
;18;49;153
;64;39;153
1;129;16;154
2;145;32;154
3;18;32;154
4;94;16;154
5;128;38;154
6;69;49;154
7;84;17;154
8;107;44;154
9;50;44;154
10;79;17;154
11;146;39;154
12;41;40;154
13;26;31;154
;2;31;154
;64;18;154
;116;49;154
;100;38;154
;157;40;154
;80;39;154
;39;18;154
1;145;32;155
2;129;16;155
3;128;38;155
4;100;38;155
5;94;16;155
6;18;32;155
7;107;44;155
8;64;18;155
9;84;17;155
10;79;17;155
11;39;18;155
12;146;39;155
13;80;39;155
14;69;49;155
15;157;40;155
;2;31;155
;50;44;155
;26;31;155
;41;40;155
;116;49;155
1;129;16;156
2;145;32;156
3;18;32;156
4;94;16;156
5;100;38;156
6;69;49;156
7;84;17;156
8;39;18;156
9;146;39;156
10;79;17;156
11;27;40;156
12;50;44;156
13;80;39;156
14;2;31;156
;157;40;156
;107;44;156
;116;49;156
;128;38;156
;64;18;156
;26;31;156
1;18;32;157
2;129;16;157
3;94;16;157
4;145;32;157
5;128;38;157
6;84;17;157
7;79;17;157
8;146;39;157
9;69;49;157
10;107;44;157
11;116;49;157
12;50;44;157
13;64;18;157
14;26;31;157
15;157;40;157
16;27;40;157
;100;38;157
;2;31;157
;80;39;157
;39;18;157
1;145;32;158
2;129;16;158
3;100;38;158
4;84;17;158
5;79;17;158
6;146;39;158
7;107;44;158
8;27;40;158
9;50;44;158
10;39;18;158
11;157;40;158
12;2;31;158
13;69;49;158
14;64;18;158
15;80;39;158
16;116;49;158
;18;32;158
;26;31;158
;128;38;158
;94;16;158
1;129;16;159
2;94;16;159
3;100;38;159
4;18;32;159
5;128;38;159
6;107;44;159
7;145;32;159
8;39;18;159
9;69;49;159
10;64;18;159
11;80;39;159
12;79;17;159
13;84;17;159
14;50;44;159
15;116;49;159
;26;31;159
;157;40;159
;14;31;159
;27;40;159
;146;39;159
1;145;32;160
2;18;32;160
3;100;38;160
4;129;16;160
5;84;17;160
6;79;17;160
7;94;16;160
8;146;39;160
9;116;49;160
10;39;18;160
11;80;39;160
12;64;18;160
13;157;40;160
14;26;31;160
15;27;40;160
16;2;31;160
;50;44;160
;128;38;160
;69;49;160
;107;44;160
1;100;38;161
2;18;32;161
3;116;49;161
4;129;16;161
5;145;32;161
6;79;17;161
7;64;18;161
8;107;44;161
9;2;31;161
10;27;40;161
11;157;40;161
12;26;31;161
13;39;18;161
14;94;16;161
;84;17;161
;69;49;161
;146;39;161
;128;38;161
;50;44;161
;80;39;161
1;18;32;162
2;129;16;162
3;100;38;162
4;145;32;162
5;94;16;162
6;39;18;162
7;84;17;162
8;79;17;162
9;69;49;162
10;116;49;162
11;80;39;162
12;26;31;162
13;146;39;162
14;27;40;162
15;157;40;162
16;50;44;162
;107;44;162
;64;18;162
;2;31;162
;128;38;162
1;145;32;163
2;18;32;163
3;94;16;163
4;128;38;163
5;100;38;163
6;146;39;163
7;129;16;163
8;79;17;163
9;84;17;163
10;69;49;163
11;26;31;163
12;64;18;163
13;39;18;163
14;157;40;163
15;50;44;163
16;116;49;163
17;27;40;163
;2;31;163
;107;44;163
;80;39;163
1;129;16;164
2;94;16;164
3;18;32;164
4;145;32;164
5;128;38;164
6;2;31;164
7;107;44;164
8;84;17;164
9;79;17;164
10;26;31;164
11;50;44;164
12;80;39;164
13;64;18;164
14;116;49;164
15;27;40;164
16;157;40;164
17;146;39;164
;99;49;164
;39;18;164
;100;38;164
1;145;32;165
2;129;16;165
3;100;38;165
4;94;16;165
5;18;32;165
6;146;39;165
7;39;18;165
8;69;49;165
9;79;17;165
10;107;44;165
11;116;49;165
12;50;44;165
13;80;39;165
14;26;31;165
15;64;18;165
16;157;40;165
17;84;17;165
;2;31;165
;128;38;165
;27;40;165
1;145;32;166
2;18;32;166
3;129;16;166
4;100;38;166
5;94;16;166
6;79;17;166
7;116;49;166
8;69;49;166
9;84;17;166
10;128;38;166
11;64;18;166
12;50;44;166
13;146;39;166
14;107;44;166
15;39;18;166
16;27;40;166
17;2;31;166
18;157;40;166
;26;31;166
;80;39;166
1;145;32;167
2;100;38;167
3;18;32;167
4;107;44;167
5;84;17;167
6;80;39;167
7;26;31;167
8;116;49;167
9;39;18;167
10;79;17;167
11;69;49;167
12;27;40;167
;64;18;167
;146;39;167
;157;40;167
;50;44;167
;2;31;167
;129;16;167
;128;38;167
;94;16;167
1;128;38;168
2;145;32;168
3;100;38;168
4;129;16;168
5;18;32;168
6;84;17;168
7;26;31;168
8;116;49;168
9;69;49;168
10;79;17;168
11;2;31;168
12;64;18;168
13;39;18;168
14;33;44;168
15;80;39;168
16;146;39;168
17;27;40;168
18;157;40;168
;107;44;168
;94;16;168
1;145;32;169
2;128;38;169
3;100;38;169
4;18;32;169
5;94;16;169
6;79;17;169
7;84;17;169
8;64;18;169
9;39;18;169
10;69;49;169
11;2;31;169
12;80;39;169
13;33;44;169
14;26;31;169
15;27;40;169
;116;49;169
;146;39;169
;157;40;169
;129;16;169
;107;44;169
1;145;32;170
2;129;16;170
3;94;16;170
4;128;38;170
5;18;32;170
6;79;17;170
7;107;39;170
8;84;17;170
9;69;49;170
10;50;44;170
11;116;49;170
12;26;31;170
13;137;44;170
14;39;18;170
15;157;40;170
16;64;18;170
;2;31;170
;100;38;170
;27;40;170
;146;39;170
1;128;38;171
2;18;32;171
3;94;16;171
4;129;16;171
5;79;17;171
6;116;49;171
7;84;17;171
8;64;18;171
9;145;32;171
10;2;31;171
11;69;49;171
12;26;31;171
13;33;44;171
14;27;40;171
15;39;18;171
;107;39;171
;157;40;171
;137;44;171
;146;39;171
;100;38;171
1;129;16;172
2;18;32;172
3;94;16;172
4;145;32;172
5;128;38;172
6;100;38;172
7;69;49;172
8;2;31;172
9;84;17;172
10;146;39;172
11;107;39;172
12;33;44;172
13;157;40;172
14;27;40;172
15;39;18;172
16;116;49;172
;137;44;172
;79;17;172
;64;18;172
;26;31;172
1;18;32;173
2;145;32;173
3;129;16;173
4;94;16;173
5;128;38;173
6;146;39;173
7;84;17;173
8;79;17;173
9;2;31;173
10;69;49;173
11;39;18;173
12;26;31;173
13;64;18;173
14;27;40;173
15;137;44;173
16;33;44;173
17;157;40;173
18;116;49;173
;107;39;173
;100;38;173
1;129;16;174
2;145;32;174
3;94;16;174
4;100;38;174
5;2;31;174
6;128;38;174
7;146;39;174
8;18;32;174
9;26;31;174
10;107;39;174
11;84;17;174
12;79;17;174
13;61;40;174
14;116;49;174
15;137;44;174
;39;18;174
;64;18;174
;33;44;174
;157;40;174
;113;49;174
1;129;16;175
2;18;32;175
3;145;32;175
4;33;44;175
5;64;18;175
6;146;39;175
7;2;31;175
8;26;31;175
9;157;40;175
10;79;17;175
11;107;39;175
12;61;40;175
13;39;18;175
14;116;49;175
15;113;49;175
16;84;17;175
17;137;44;175
;94;16;175
;128;38;175
;100;38;175
1;100;38;176
2;18;32;176
3;94;16;176
4;145;32;176
5;128;38;176
6;146;39;176
7;2;31;176
8;129;16;176
9;107;39;176
10;64;18;176
11;79;17;176
12;84;17;176
13;26;31;176
14;116;49;176
15;113;49;176
16;157;40;176
17;39;18;176
18;33;44;176
19;61;40;176
20;137;44;176
1;145;32;177
2;94;16;177
3;84;17;177
4;129;16;177
5;107;39;177
6;61;40;177
7;2;31;177
8;116;49;177
9;26;31;177
10;137;44;177
11;157;40;177
12;33;44;177
13;64;18;177
14;18;32;177
;39;18;177
;128;38;177
;100;38;177
;146;39;177
;79;17;177
;113;49;177
1;145;32;178
2;18;32;178
3;128;38;178
4;129;16;178
5;100;38;178
6;64;18;178
7;107;39;178
8;2;31;178
9;84;17;178
10;61;40;178
11;116;49;178
12;137;44;178
13;157;40;178
14;113;49;178
;26;31;178
;79;17;178
;94;16;178
;39;18;178
;33;44;178
;146;39;178
1;100;38;179
2;129;16;179
3;145;32;179
4;94;16;179
5;18;32;179
6;79;17;179
7;33;44;179
8;146;39;179
9;128;38;179
10;107;39;179
11;157;40;179
12;84;17;179
13;64;18;179
14;26;31;179
15;39;18;179
16;113;49;179
17;116;49;179
;61;40;179
;137;44;179
;2;31;179
1;129;16;180
2;18;32;180
3;128;38;180
4;100;38;180
5;145;32;180
6;94;16;180
7;146;39;180
8;107;39;180
9;79;17;180
10;61;40;180
11;33;44;180
12;39;18;180
13;64;18;180
14;84;17;180
15;157;40;180
16;26;31;180
17;113;49;180
;2;31;180
;116;49;180
;137;44;180
1;145;32;181
2;128;38;181
3;94;16;181
4;100;38;181
5;129;16;181
6;64;18;181
7;18;32;181
8;107;39;181
9;146;39;181
10;61;40;181
11;39;18;181
12;26;31;181
13;157;40;181
14;137;44;181
15;113;49;181
16;2;31;181
17;116;49;181
;84;17;181
;79;17;181
;33;44;181
1;128;38;182
2;94;16;182
3;129;16;182
4;39;18;182
5;64;18;182
6;79;17;182
7;84;17;182
8;2;31;182
9;61;40;182
10;157;40;182
11;33;44;182
12;107;39;182
13;113;49;182
14;116;49;182
15;26;31;182
;145;32;182
;137;44;182
;100;38;182
;18;32;182
;146;39;182
1;129;16;183
2;145;32;183
3;94;16;183
4;18;32;183
5;100;38;183
6;146;39;183
7;79;17;183
8;2;31;183
9;64;18;183
10;84;17;183
11;26;31;183
12;116;49;183
13;33;44;183
14;113;49;183
15;128;38;183
;107;39;183
;39;18;183
;157;40;183
;61;40;183
;137;44;183
1;145;32;184
2;18;32;184
3;94;16;184
4;128;38;184
5;146;39;184
6;39;18;184
7;84;17;184
8;79;17;184
9;157;40;184
10;137;44;184
11;64;18;184
12;107;39;184
13;26;31;184
14;33;44;184
15;61;40;184
16;2;31;184
;116;49;184
;129;16;184
;113;49;184
;100;38;184
1;145;32;185
2;129;16;185
3;94;16;185
4;100;38;185
5;18;32;185
6;33;44;185
7;64;18;185
8;2;31;185
9;107;39;185
10;39;18;185
11;137;44;185
12;146;39;185
13;79;17;185
14;84;17;185
15;157;40;185
16;113;49;185
17;116;49;185
;26;31;185
;128;38;185
;61;40;185
1;129;16;186
2;145;32;186
3;128;38;186
4;18;32;186
5;84;37;186
6;79;37;186
7;39;18;186
8;64;18;186
9;33;44;186
10;157;40;186
11;107;39;186
12;113;49;186
13;116;49;186
14;137;44;186
15;26;31;186
;100;38;186
;94;16;186
;61;40;186
;2;31;186
;146;39;186
1;145;32;187
2;94;16;187
3;18;32;187
4;129;16;187
5;128;38;187
6;79;37;187
7;84;37;187
8;107;39;187
9;116;49;187
10;113;49;187
11;61;40;187
12;26;31;187
13;146;39;187
14;33;44;187
15;157;40;187
16;64;18;187
;100;38;187
;2;31;187
;137;44;187
;39;18;187
1;145;32;188
2;128;38;188
3;129;16;188
4;18;32;188
5;94;16;188
6;100;38;188
7;2;31;188
8;107;39;188
9;61;40;188
10;146;39;188
11;157;40;188
12;26;31;188
13;33;44;188
14;116;49;188
15;39;18;188
16;84;37;188
17;137;44;188
18;64;18;188
19;113;49;188
;79;37;188
1;145;32;189
2;18;32;189
3;129;16;189
4;94;16;189
5;128;38;189
6;100;38;189
7;61;40;189
8;64;18;189
9;79;37;189
10;84;37;189
11;39;18;189
12;146;39;189
13;157;40;189
14;2;31;189
15;116;49;189
16;26;31;189
17;107;39;189
18;113;49;189
;33;44;189
;137;44;189
1;145;32;190
2;18;32;190
3;128;38;190
4;100;38;190
5;94;16;190
6;129;16;190
7;84;37;190
8;39;18;190
9;79;37;190
10;107;39;190
11;33;44;190
12;157;40;190
13;137;44;190
14;2;31;190
15;26;31;190
16;113;49;190
17;116;49;190
;61;40;190
;146;39;190
;64;18;190
1;94;16;191
2;128;38;191
3;145;32;191
4;129;16;191
5;18;32;191
6;146;39;191
7;107;39;191
8;84;37;191
9;137;44;191
10;157;40;191
11;26;31;191
12;33;44;191
13;113;49;191
14;116;49;191
;61;40;191
;100;38;191
;39;18;191
;2;31;191
;79;37;191
;64;18;191
1;128;38;192
2;129;16;192
3;94;16;192
4;145;32;192
5;18;32;192
6;146;39;192
7;61;40;192
8;26;31;192
9;157;40;192
10;33;44;192
11;79;37;192
12;116;49;192
13;113;49;192
14;137;44;192
15;64;18;192
16;39;18;192
;100;38;192
;84;37;192
;107;39;192
;2;31;192
1;145;32;193
2;128;38;193
3;94;16;193
4;100;38;193
5;18;32;193
6;129;16;193
7;61;40;193
8;39;18;193
9;64;18;193
10;84;37;193
11;137;44;193
12;107;39;193
13;33;44;193
14;26;31;193
15;79;37;193
16;113;49;193
17;2;31;193
18;116;49;193
19;146;39;193
20;157;40;193
1;145;32;194
2;129;16;194
3;128;38;194
4;100;38;194
5;18;32;194
6;107;39;194
7;61;40;194
8;84;37;194
9;39;18;194
10;64;18;194
11;2;31;194
12;137;44;194
13;116;49;194
14;26;31;194
15;113;49;194
;33;44;194
;79;37;194
;157;40;194
;94;16;194
;146;39;194
1;18;32;195
2;145;32;195
3;128;38;195
4;129;16;195
5;61;16;195
6;64;18;195
7;146;39;195
8;94;2;195
9;116;37;195
10;50;44;195
11;33;38;195
12;78;31;195
13;84;37;195
14;156;44;195
15;41;2;195
16;95;49;195
17;56;49;195
;39;18;195
;100;39;195
;107;31;195
1;145;32;196
2;18;32;196
3;61;16;196
4;128;38;196
5;129;16;196
6;78;31;196
7;94;2;196
8;33;38;196
9;156;44;196
10;84;37;196
11;41;2;196
12;50;44;196
13;64;18;196
14;116;37;196
15;95;49;196
16;56;49;196
17;146;39;196
18;100;39;196
19;107;31;196
;39;18;196
1;145;32;197
2;18;32;197
3;129;16;197
4;128;38;197
5;61;16;197
6;33;38;197
7;100;39;197
8;84;37;197
9;94;2;197
10;156;44;197
11;39;18;197
12;116;37;197
13;64;18;197
14;41;2;197
15;107;31;197
16;95;49;197
17;56;49;197
18;78;31;197
;50;44;197
;146;39;197
1;18;32;198
2;145;32;198
3;129;16;198
4;128;38;198
5;61;16;198
6;84;37;198
7;107;31;198
8;78;31;198
9;116;37;198
10;94;2;198
11;156;44;198
12;41;2;198
13;64;18;198
14;146;39;198
15;95;49;198
16;56;49;198
;33;38;198
;39;18;198
;50;44;198
;100;39;198
1;145;32;199
2;18;32;199
3;128;38;199
4;129;16;199
5;61;16;199
6;33;38;199
7;64;18;199
8;107;31;199
9;50;44;199
10;39;18;199
11;156;44;199
12;100;39;199
13;146;39;199
14;94;2;199
15;84;37;199
16;41;2;199
17;95;49;199
18;56;49;199
;116;37;199
;78;31;199
1;145;32;200
2;129;16;200
3;18;32;200
4;128;38;200
5;33;38;200
6;107;31;200
7;50;44;200
8;156;44;200
9;100;39;200
10;39;18;200
11;78;31;200
12;84;37;200
13;146;39;200
14;64;18;200
15;95;49;200
16;116;37;200
17;94;2;200
18;56;49;200
19;41;2;200
;61;16;200
1;145;32;201
2;129;16;201
3;61;16;201
4;18;32;201
5;128;38;201
6;100;39;201
7;146;39;201
8;33;38;201
9;116;37;201
10;50;44;201
11;107;31;201
12;84;37;201
13;41;2;201
14;39;18;201
15;94;2;201
16;95;49;201
17;64;18;201
18;56;49;201
;156;44;201
;78;31;201
1;145;32;202
2;18;32;202
3;61;16;202
4;128;38;202
5;129;16;202
6;107;31;202
7;94;2;202
8;146;39;202
9;78;31;202
10;33;38;202
11;100;39;202
12;84;37;202
13;116;37;202
14;50;44;202
15;156;44;202
16;41;2;202
17;64;18;202
18;56;49;202
19;95;49;202
;39;18;202
1;128;38;203
2;61;16;203
3;18;32;203
4;129;16;203
5;145;32;203
6;78;31;203
7;33;38;203
8;107;31;203
9;94;2;203
10;41;2;203
11;84;37;203
12;100;39;203
13;146;39;203
14;116;37;203
15;156;44;203
16;39;18;203
17;50;44;203
18;95;49;203
19;64;18;203
20;56;49;203
1;145;32;204
2;18;32;204
3;61;16;204
4;33;38;204
5;128;38;204
6;107;31;204
7;100;39;204
8;94;2;204
9;50;44;204
10;146;39;204
11;78;31;204
12;156;44;204
13;116;37;204
14;95;49;204
15;56;49;204
16;129;16;204
17;84;37;204
;41;2;204
;39;18;204
;64;18;204
1;128;38;205
2;129;16;205
3;50;44;205
4;116;37;205
5;107;31;205
6;156;44;205
7;39;18;205
8;64;18;205
9;145;32;205
10;56;49;205
11;95;49;205
12;94;2;205
13;41;2;205
14;33;38;205
;18;32;205
;146;39;205
;61;16;205
;78;31;205
;100;39;205
;84;37;205
1;145;32;206
2;128;38;206
3;129;16;206
4;61;16;206
5;107;31;206
6;33;38;206
7;94;2;206
8;18;32;206
9;78;31;206
10;156;44;206
11;84;37;206
12;146;39;206
13;64;18;206
14;100;39;206
15;50;44;206
16;95;49;206
17;116;37;206
18;41;2;206
19;56;49;206
;39;18;206
1;61;16;207
2;145;32;207
3;18;32;207
4;129;16;207
5;156;38;207
6;84;37;207
7;50;44;207
8;146;39;207
9;33;44;207
10;116;37;207
11;78;31;207
12;64;18;207
13;39;18;207
14;100;39;207
15;95;49;207
16;94;2;207
17;56;49;207
18;41;2;207
;107;31;207
;128;38;207
1;61;16;208
2;18;32;208
3;145;32;208
4;100;39;208
5;146;39;208
6;156;38;208
7;84;37;208
8;128;38;208
9;41;2;208
10;78;31;208
11;33;44;208
12;116;37;208
13;129;16;208
14;95;49;208
15;94;2;208
16;39;18;208
17;56;49;208
;64;18;208
;50;44;208
;107;31;208
1;129;16;209
2;61;16;209
3;128;38;209
4;145;32;209
5;18;32;209
6;156;38;209
7;78;31;209
8;33;44;209
9;146;39;209
10;41;2;209
11;39;18;209
12;107;31;209
13;116;37;209
14;100;39;209
15;50;44;209
16;56;49;209
17;64;18;209
;94;2;209
;84;37;209
;95;49;209
1;145;32;210
2;18;32;210
3;61;16;210
4;128;38;210
5;156;38;210
6;107;31;210
7;84;37;210
8;78;31;210
9;64;18;210
10;146;39;210
11;116;37;210
12;50;44;210
13;94;2;210
14;33;44;210
15;41;2;210
;56;49;210
;95;49;210
;129;16;210
;100;39;210
;39;18;210
1;18;32;211
2;129;16;211
3;145;32;211
4;156;38;211
5;107;31;211
6;61;16;211
7;33;44;211
8;84;37;211
9;116;37;211
10;50;44;211
11;78;31;211
12;94;2;211
13;39;18;211
14;41;2;211
15;64;18;211
16;95;49;211
17;56;49;211
;128;38;211
;100;39;211
;146;39;211
1;145;32;212
2;129;16;212
3;18;32;212
4;61;16;212
5;156;38;212
6;128;38;212
7;84;37;212
8;100;39;212
9;33;44;212
10;146;39;212
11;50;44;212
12;116;37;212
13;107;31;212
14;41;2;212
15;64;18;212
16;95;49;212
17;39;18;212
18;56;49;212
;94;2;212
;78;31;212
1;18;32;213
2;145;32;213
3;128;38;213
4;61;16;213
5;156;38;213
6;100;39;213
7;78;31;213
8;107;31;213
9;146;39;213
10;84;37;213
11;94;2;213
12;50;44;213
13;116;37;213
14;41;2;213
15;39;18;213
16;33;44;213
17;95;49;213
18;64;18;213
;56;49;213
;129;16;213
1;128;38;214
2;33;44;214
3;107;31;214
4;94;2;214
5;41;2;214
6;100;39;214
7;145;32;214
8;78;31;214
9;84;37;214
10;50;44;214
11;64;18;214
12;95;49;214
13;39;18;214
14;156;38;214
15;146;39;214
16;56;49;214
17;129;16;214
18;116;37;214
19;61;16;214
;18;32;214
1;145;32;215
2;128;38;215
3;61;16;215
4;18;32;215
5;129;16;215
6;156;38;215
7;84;37;215
8;78;31;215
9;50;44;215
10;107;31;215
11;100;39;215
12;146;39;215
13;94;2;215
14;64;18;215
15;39;18;215
16;41;2;215
17;95;49;215
18;33;44;215
19;56;49;215
;116;37;215
1;18;32;216
2;61;16;216
3;78;31;216
4;145;32;216
5;107;31;216
6;84;37;216
7;33;3;216
8;79;39;216
9;41;2;216
10;129;16;216
11;58;49;216
12;50;3;216
13;156;38;216
;94;2;216
;95;49;216
;39;18;216
;64;18;216
;116;37;216
;100;39;216
;128;38;216
1;145;32;217
2;18;32;217
3;128;38;217
4;156;38;217
5;78;31;217
6;84;37;217
7;116;37;217
8;100;39;217
9;107;31;217
10;50;3;217
11;94;2;217
12;64;18;217
13;39;18;217
14;41;2;217
15;33;3;217
16;95;49;217
17;58;49;217
;79;39;217
;61;16;217
;129;16;217
1;145;32;218
2;128;38;218
3;18;32;218
4;116;37;218
5;156;38;218
6;129;16;218
7;84;37;218
8;100;39;218
9;107;31;218
10;64;18;218
11;61;16;218
12;50;3;218
13;78;31;218
14;79;39;218
15;94;2;218
16;39;18;218
17;41;2;218
18;95;49;218
19;58;49;218
;33;3;218
1;145;32;219
2;128;38;219
3;61;16;219
4;100;39;219
5;78;31;219
6;79;39;219
7;33;3;219
8;156;38;219
9;116;37;219
10;129;16;219
11;18;32;219
12;95;49;219
13;107;31;219
14;41;2;219
15;58;49;219
16;39;18;219
17;94;2;219
;50;3;219
;64;18;219
;146;37;219
1;128;38;220
2;145;32;220
3;18;32;220
4;61;16;220
5;156;38;220
6;116;37;220
7;146;37;220
8;79;39;220
9;78;31;220
10;50;3;220
11;33;3;220
12;129;16;220
13;107;31;220
14;100;39;220
15;94;2;220
16;39;18;220
17;41;2;220
18;95;49;220
19;58;49;220
;64;18;220
1;145;32;221
2;128;38;221
3;18;32;221
4;116;37;221
5;84;37;221
6;107;31;221
7;129;16;221
8;156;38;221
9;33;3;221
10;78;31;221
11;100;39;221
12;50;3;221
13;79;39;221
14;94;2;221
15;64;18;221
16;41;2;221
17;95;49;221
18;58;49;221
19;39;18;221
;61;16;221
1;145;32;222
2;18;32;222
3;128;38;222
4;100;39;222
5;79;39;222
6;156;38;222
7;78;31;222
8;33;3;222
9;116;37;222
10;84;37;222
11;50;3;222
12;94;2;222
13;129;16;222
14;61;16;222
15;39;18;222
16;58;49;222
17;64;18;222
;107;31;222
;41;2;222
;95;49;222
1;33;3;223
2;107;31;223
3;116;37;223
4;78;31;223
5;18;32;223
6;100;39;223
7;145;32;223
8;79;39;223
9;50;3;223
10;84;37;223
11;58;49;223
12;39;18;223
13;94;2;223
14;95;49;223
15;156;38;223
16;41;2;223
;128;38;223
;61;16;223
;64;18;223
;129;16;223
1;145;32;224
2;18;32;224
3;156;38;224
4;100;39;224
5;84;37;224
6;78;31;224
7;50;3;224
8;61;16;224
9;94;2;224
10;129;16;224
11;95;49;224
12;39;18;224
13;116;37;224
14;79;39;224
15;58;49;224
16;64;18;224
17;41;2;224
18;107;31;224
19;128;38;224
20;33;3;224
1;18;32;225
2;128;38;225
3;145;32;225
4;84;37;225
5;100;39;225
6;61;16;225
7;79;39;225
8;50;3;225
9;33;3;225
10;156;38;225
11;41;2;225
12;64;18;225
13;129;16;225
14;94;2;225
15;78;31;225
16;58;49;225
17;39;18;225
18;95;49;225
;116;37;225
;107;31;225
1;145;32;226
2;128;38;226
3;100;39;226
4;84;37;226
5;107;31;226
6;33;3;226
7;61;16;226
8;146;37;226
9;39;18;226
10;41;2;226
11;129;16;226
12;94;2;226
13;64;18;226
14;58;49;226
15;50;3;226
;78;31;226
;156;38;226
;79;39;226
;18;32;226
;95;49;226
1;145;32;227
2;18;32;227
3;128;38;227
4;61;16;227
5;33;3;227
6;107;31;227
7;84;37;227
8;79;39;227
9;100;39;227
10;129;16;227
11;94;2;227
12;156;38;227
13;78;31;227
14;95;49;227
15;41;2;227
16;39;18;227
17;64;18;227
18;58;49;227
19;50;3;227
;116;37;227
1;145;32;228
2;18;32;228
3;100;39;228
4;50;3;228
5;61;16;228
6;84;37;228
7;107;31;228
8;78;31;228
9;94;2;228
10;41;2;228
11;58;49;228
12;129;16;228
13;116;37;228
14;39;18;228
15;156;38;228
;95;49;228
;128;38;228
;64;18;228
;79;39;228
;33;3;228
1;145;32;229
2;84;37;229
3;129;16;229
4;61;16;229
5;107;31;229
6;128;38;229
7;156;38;229
8;78;31;229
9;116;37;229
10;100;39;229
11;79;39;229
12;50;3;229
13;33;3;229
14;18;32;229
15;94;2;229
16;95;49;229
17;64;18;229
;39;18;229
;58;49;229
;41;2;229
1;145;32;230
2;128;38;230
3;156;38;230
4;78;31;230
5;107;31;230
6;33;3;230
7;100;39;230
8;18;32;230
9;79;39;230
10;61;16;230
11;50;3;230
12;95;49;230
13;129;16;230
14;58;49;230
15;94;2;230
16;41;2;230
17;64;18;230
18;84;37;230
;116;37;230
;39;18;230
1;84;37;231
2;79;39;231
3;116;37;231
4;107;31;231
5;100;39;231
6;156;38;231
7;50;3;231
8;18;32;231
9;95;32;231
10;78;31;231
11;33;3;231
12;129;16;231
13;41;2;231
14;94;2;231
15;64;18;231
16;155;49;231
17;132;18;231
;58;49;231
;128;38;231
;61;16;231
1;128;38;232
2;18;32;232
3;145;32;232
4;156;38;232
5;78;31;232
6;107;31;232
7;100;39;232
8;33;3;232
9;79;39;232
10;116;37;232
11;50;3;232
12;94;2;232
13;61;16;232
14;129;16;232
15;95;49;232
16;41;2;232
17;58;49;232
18;64;18;232
19;132;18;232
;84;37;232
1;145;32;233
2;128;38;233
3;18;32;233
4;78;31;233
5;84;38;233
6;61;16;233
7;100;31;233
8;107;16;233
9;147;3;233
10;116;6;233
11;94;2;233
12;41;2;233
13;79;4;233
14;95;49;233
15;129;6;233
16;154;18;233
17;33;3;233
18;58;49;233
;2;4;233
;65;18;233
1;128;38;234
2;145;32;234
3;78;31;234
4;61;16;234
5;107;16;234
6;100;31;234
7;33;3;234
8;116;6;234
9;79;4;234
10;2;4;234
11;84;38;234
12;147;3;234
13;94;2;234
14;41;2;234
15;129;6;234
16;154;18;234
17;65;18;234
;18;32;234
;95;49;234
;58;49;234
1;145;32;235
2;128;38;235
3;18;32;235
4;84;38;235
5;78;31;235
6;61;16;235
7;79;4;235
8;2;4;235
9;100;31;235
10;33;3;235
11;107;16;235
12;41;2;235
13;129;6;235
14;116;6;235
15;147;3;235
16;95;49;235
17;154;18;235
18;58;49;235
19;65;18;235
20;94;2;235
1;145;32;236
2;128;38;236
3;18;32;236
4;61;16;236
5;84;38;236
6;100;31;236
7;107;16;236
8;78;31;236
9;79;4;236
10;33;3;236
11;116;6;236
12;94;2;236
13;129;6;236
14;95;49;236
15;41;2;236
16;58;49;236
17;2;4;236
18;154;18;236
19;65;18;236
;147;3;236
1;128;38;237
2;107;16;237
3;78;31;237
4;84;38;237
5;129;6;237
6;33;3;237
7;145;32;237
8;116;6;237
9;79;4;237
10;41;2;237
11;94;2;237
12;100;31;237
13;2;4;237
14;95;49;237
15;58;49;237
16;147;3;237
17;65;18;237
18;154;18;237
;18;32;237
;61;16;237
1;84;38;238
2;129;6;238
3;33;3;238
4;61;16;238
5;78;31;238
6;2;4;238
7;147;3;238
8;107;16;238
9;100;31;238
10;94;2;238
11;41;2;238
12;18;32;238
13;154;18;238
14;65;18;238
15;145;32;238
16;58;49;238
17;95;49;238
18;128;38;238
;116;6;238
;79;4;238
1;128;38;239
2;145;32;239
3;84;38;239
4;18;32;239
5;78;31;239
6;100;31;239
7;33;3;239
8;2;4;239
9;129;6;239
10;116;6;239
11;107;16;239
12;95;49;239
13;147;3;239
14;79;4;239
15;41;2;239
16;61;16;239
17;94;2;239
18;58;49;239
19;154;18;239
20;65;18;239
1;128;38;240
2;145;32;240
3;18;32;240
4;84;38;240
5;78;31;240
6;107;16;240
7;61;16;240
8;116;6;240
9;2;4;240
10;147;3;240
11;94;2;240
12;129;6;240
13;100;31;240
14;79;4;240
15;41;2;240
16;154;18;240
17;58;49;240
18;65;18;240
;95;49;240
;33;3;240
1;128;38;241
2;18;32;241
3;78;31;241
4;145;32;241
5;107;16;241
6;84;38;241
7;100;31;241
8;61;16;241
9;33;3;241
10;2;4;241
11;95;49;241
12;147;3;241
13;116;6;241
14;41;2;241
15;58;49;241
16;94;2;241
17;129;6;241
18;154;18;241
19;65;18;241
;79;4;241
1;145;32;242
2;61;16;242
3;18;32;242
4;78;31;242
5;100;31;242
6;107;16;242
7;2;4;242
8;116;6;242
9;79;4;242
10;147;3;242
11;33;3;242
12;95;49;242
13;41;2;242
14;58;49;242
15;94;2;242
16;84;38;242
17;65;18;242
18;154;18;242
;129;6;242
;128;38;242
1;79;4;243
2;145;32;243
3;107;16;243
4;2;4;243
5;33;3;243
6;147;3;243
7;58;49;243
8;95;49;243
9;128;38;243
10;94;2;243
11;100;31;243
12;154;18;243
13;41;2;243
;65;18;243
;78;31;243
;84;38;243
;116;6;243
;61;16;243
;18;32;243
;129;6;243
1;128;38;244
2;95;49;244
3;145;32;244
4;100;31;244
5;129;6;244
6;33;3;244
7;79;4;244
8;61;16;244
9;58;49;244
10;107;16;244
11;2;4;244
12;18;32;244
13;41;2;244
14;78;31;244
15;147;3;244
16;154;18;244
17;65;18;244
18;94;2;244
19;84;38;244
20;116;6;244
1;128;38;245
2;145;32;245
3;18;32;245
4;33;3;245
5;61;16;245
6;2;4;245
7;107;16;245
8;84;38;245
9;79;4;245
10;78;31;245
11;100;31;245
12;116;6;245
13;129;6;245
14;41;2;245
15;56;2;245
16;58;49;245
17;95;49;245
18;154;18;245
;147;3;245
;65;18;245
1;100;31;246
2;78;31;246
3;18;32;246
4;61;16;246
5;84;38;246
6;107;16;246
7;116;6;246
8;2;4;246
9;95;49;246
10;79;4;246
11;58;49;246
12;129;6;246
13;41;2;246
14;56;2;246
15;154;18;246
;65;18;246
;145;32;246
;128;38;246
;33;3;246
;147;3;246
1;145;32;247
2;128;38;247
3;107;16;247
4;100;31;247
5;18;32;247
6;2;4;247
7;78;31;247
8;94;2;247
9;84;38;247
10;95;49;247
11;116;6;247
12;129;6;247
13;33;3;247
14;79;4;247
15;61;16;247
16;41;2;247
17;147;3;247
18;65;18;247
19;58;49;247
;154;18;247
1;18;32;248
2;128;38;248
3;84;38;248
4;61;16;248
5;145;32;248
6;33;3;248
7;78;31;248
8;107;16;248
9;116;6;248
10;79;4;248
11;41;2;248
12;94;2;248
13;100;31;248
14;147;3;248
15;95;49;248
16;2;4;248
17;58;49;248
18;129;6;248
19;154;18;248
20;65;18;248
1;128;38;249
2;145;32;249
3;84;38;249
4;61;16;249
5;100;31;249
6;18;32;249
7;107;16;249
8;78;31;249
9;147;3;249
10;129;6;249
11;41;2;249
12;116;6;249
13;94;2;249
14;95;49;249
15;58;49;249
16;154;18;249
17;65;18;249
;2;4;249
;79;4;249
;33;3;249
1;128;38;250
2;145;32;250
3;84;38;250
4;33;3;250
5;61;16;250
6;107;16;250
7;129;6;250
8;94;2;250
9;2;4;250
10;78;31;250
11;41;2;250
12;100;31;250
13;79;4;250
14;116;6;250
15;18;32;250
16;95;49;250
17;58;49;250
18;65;18;250
;154;18;250
;147;3;250
1;145;32;251
2;128;38;251
3;18;32;251
4;84;38;251
5;61;16;251
6;107;16;251
7;33;3;251
8;79;4;251
9;2;4;251
10;78;31;251
11;129;6;251
12;94;2;251
13;95;49;251
14;41;2;251
15;147;3;251
16;58;49;251
17;65;18;251
18;154;18;251
;100;31;251
;116;6;251
1;145;32;252
2;128;38;252
3;2;4;252
4;84;38;252
5;79;4;252
6;116;6;252
7;107;16;252
8;61;16;252
9;78;31;252
10;129;6;252
11;33;3;252
12;100;31;252
13;147;3;252
14;94;2;252
15;41;2;252
16;154;18;252
17;95;49;252
18;65;18;252
;58;49;252
;18;32;252
1;145;32;253
2;128;38;253
3;18;32;253
4;79;4;253
5;100;31;253
6;33;3;253
7;61;16;253
8;107;16;253
9;41;2;253
10;78;31;253
11;116;6;253
12;58;49;253
13;2;4;253
14;147;3;253
15;94;2;253
;129;6;253
;84;38;253
;65;18;253
;95;49;253
;154;18;253
1;128;38;254
2;145;32;254
3;107;16;254
4;147;3;254
5;33;3;254
6;18;32;254
7;78;31;254
8;2;4;254
9;79;4;254
10;61;16;254
11;129;6;254
12;100;31;254
13;116;6;254
14;154;18;254
15;84;38;254
;58;49;254
;41;2;254
;95;49;254
;94;2;254
;65;18;254
1;61;16;255
2;107;16;255
3;145;32;255
4;95;32;255
5;64;18;255
6;18;2;255
7;79;4;255
8;147;3;255
9;2;4;255
10;149;2;255
11;154;18;255
12;116;6;255
13;156;49;255
14;100;31;255
15;78;31;255
16;58;49;255
17;146;6;255
18;84;38;255
19;128;38;255
;33;3;255
1;128;38;256
2;61;16;256
3;107;16;256
4;84;38;256
5;95;32;256
6;79;4;256
7;78;31;256
8;33;3;256
9;64;18;256
10;145;32;256
11;149;2;256
12;146;6;256
13;116;6;256
14;156;49;256
;18;2;256
;100;31;256
;2;4;256
;58;49;256
;147;3;256
;154;18;256
1;61;16;257
2;84;38;257
3;95;32;257
4;145;32;257
5;78;31;257
6;100;31;257
7;79;4;257
8;18;2;257
9;33;3;257
10;156;49;257
11;149;2;257
12;116;6;257
13;154;18;257
14;64;18;257
15;147;3;257
16;58;49;257
17;2;4;257
;107;16;257
;129;6;257
;128;38;257
1;128;38;258
2;84;38;258
3;78;31;258
4;95;32;258
5;18;2;258
6;61;16;258
7;147;3;258
8;129;6;258
9;64;18;258
10;116;6;258
11;79;4;258
12;156;49;258
13;33;3;258
14;145;32;258
15;149;2;258
16;58;49;258
17;154;18;258
18;100;31;258
;107;16;258
;2;4;258
1;128;38;259
2;61;16;259
3;107;16;259
4;84;38;259
5;95;32;259
6;145;32;259
7;18;2;259
8;79;4;259
9;156;49;259
10;116;6;259
11;2;4;259
12;147;3;259
13;100;31;259
14;58;49;259
15;154;18;259
16;64;18;259
17;129;6;259
;149;2;259
;78;31;259
;33;3;259
1;128;38;260
2;84;38;260
3;95;32;260
4;107;16;260
5;145;32;260
6;18;2;260
7;79;4;260
8;78;31;260
9;2;4;260
10;147;3;260
11;129;6;260
12;100;31;260
13;33;3;260
14;154;18;260
15;116;6;260
16;58;49;260
17;64;18;260
18;156;49;260
;61;16;260
;149;2;260
1;84;38;261
2;107;16;261
3;128;38;261
4;61;16;261
5;95;32;261
6;78;31;261
7;2;4;261
8;145;32;261
9;18;2;261
10;129;6;261
11;33;3;261
12;79;4;261
13;100;31;261
14;116;6;261
15;58;49;261
16;149;2;261
17;147;3;261
;64;18;261
;154;18;261
;156;49;261
1;128;38;262
2;84;38;262
3;95;32;262
4;145;32;262
5;33;3;262
6;129;6;262
7;2;4;262
8;100;31;262
9;78;31;262
10;79;4;262
11;18;2;262
12;156;49;262
13;147;3;262
14;154;18;262
15;58;49;262
;116;6;262
;64;18;262
;149;2;262
;61;16;262
;107;16;262
1;128;38;263
2;107;16;263
3;145;32;263
4;95;32;263
5;61;16;263
6;79;4;263
7;18;2;263
8;149;2;263
9;2;4;263
10;116;6;263
11;100;31;263
12;129;6;263
13;156;49;263
14;33;3;263
15;78;31;263
16;58;49;263
17;64;18;263
;147;3;263
;154;18;263
;84;38;263
1;107;16;264
2;84;38;264
3;145;32;264
4;61;16;264
5;2;4;264
6;78;31;264
7;128;38;264
8;154;18;264
9;129;6;264
10;64;18;264
11;116;6;264
12;58;49;264
13;100;31;264
14;147;3;264
;33;3;264
;18;2;264
;156;49;264
;95;32;264
;149;2;264
;79;4;264
1;61;16;265
2;128;38;265
3;145;32;265
4;95;32;265
5;79;4;265
6;154;18;265
7;78;31;265
8;64;18;265
9;100;31;265
10;2;4;265
11;18;2;265
12;156;49;265
13;116;6;265
14;149;2;265
15;33;3;265
16;147;3;265
17;129;6;265
;107;16;265
;58;49;265
;84;38;265
1;128;38;266
2;145;32;266
3;95;32;266
4;84;38;266
5;107;16;266
6;2;4;266
7;78;31;266
8;79;4;266
9;100;31;266
10;116;6;266
11;129;6;266
12;33;3;266
13;156;49;266
14;18;2;266
15;154;18;266
;149;2;266
;58;49;266
;64;18;266
;147;3;266
;61;16;266
1;128;38;267
2;145;32;267
3;95;32;267
4;107;16;267
5;84;38;267
6;61;16;267
7;78;31;267
8;2;4;267
9;79;4;267
10;129;6;267
11;116;6;267
12;33;3;267
13;149;2;267
14;154;18;267
15;100;31;267
16;64;18;267
17;156;49;267
18;58;49;267
19;147;3;267
20;18;2;267
1;128;38;268
2;84;38;268
3;107;16;268
4;95;32;268
5;2;4;268
6;61;16;268
7;79;4;268
8;129;6;268
9;33;3;268
10;156;49;268
11;116;6;268
12;78;31;268
13;147;3;268
14;149;2;268
15;100;31;268
16;64;18;268
17;154;18;268
18;58;49;268
;18;2;268
;145;32;268
1;128;38;269
2;95;32;269
3;61;16;269
4;145;32;269
5;84;38;269
6;2;4;269
7;78;31;269
8;107;16;269
9;79;4;269
10;116;6;269
11;33;3;269
12;156;49;269
13;154;18;269
14;129;6;269
15;64;18;269
16;149;2;269
17;100;31;269
18;58;49;269
;18;2;269
;147;3;269
1;128;38;270
2;61;16;270
3;95;32;270
4;107;16;270
5;145;32;270
6;84;38;270
7;78;31;270
8;33;3;270
9;31;49;270
10;149;2;270
11;79;4;270
12;154;18;270
13;18;2;270
14;147;3;270
15;58;49;270
16;64;18;270
;100;31;270
;116;6;270
;2;4;270
;129;6;270
1;84;38;271
2;61;16;271
3;107;16;271
4;78;31;271
5;100;31;271
6;116;6;271
7;128;38;271
8;129;6;271
9;145;32;271
10;33;3;271
11;18;2;271
12;64;18;271
13;154;18;271
14;95;32;271
;147;3;271
;79;4;271
;156;49;271
;2;4;271
;58;49;271
;149;2;271
1;128;38;272
2;84;38;272
3;61;16;272
4;79;4;272
5;145;32;272
6;129;6;272
7;2;4;272
8;95;32;272
9;58;49;272
10;78;31;272
11;100;31;272
12;116;6;272
13;147;3;272
14;64;18;272
15;18;2;272
16;149;2;272
17;154;18;272
18;33;3;272
;107;16;272
;156;49;272
1;128;38;273
2;145;32;273
3;61;16;273
4;84;38;273
5;95;32;273
6;78;31;273
7;2;4;273
8;129;6;273
9;64;18;273
10;147;3;273
11;79;4;273
12;149;2;273
13;156;49;273
14;33;3;273
15;154;18;273
16;100;31;273
17;58;49;273
;116;6;273
;18;2;273
;107;16;273
1;128;38;274
2;145;32;274
3;84;38;274
4;95;32;274
5;107;16;274
6;61;16;274
7;100;31;274
8;79;4;274
9;78;31;274
10;18;2;274
11;33;3;274
12;156;49;274
13;149;2;274
14;129;6;274
15;116;6;274
16;154;18;274
17;64;18;274
18;58;49;274
19;2;4;274
;147;3;274
1;95;32;275
2;145;32;275
3;107;16;275
4;61;16;275
5;2;4;275
6;128;38;275
7;84;38;275
8;79;4;275
9;18;2;275
10;116;6;275
11;129;6;275
12;33;3;275
13;149;2;275
14;154;18;275
15;156;49;275
16;58;49;275
17;147;3;275
;78;31;275
;64;18;275
;100;31;275
1;128;38;276
2;61;16;276
3;84;38;276
4;107;16;276
5;95;32;276
6;78;31;276
7;79;4;276
8;116;6;276
9;100;31;276
10;129;6;276
11;147;3;276
12;149;2;276
13;156;49;276
14;33;3;276
15;18;2;276
16;154;18;276
17;64;18;276
18;145;32;276
19;58;49;276
;2;4;276
